{
  "__type__": "cc.SpriteFrame",
  "content": {
    "name": "2",
    "atlas": "",
    "rect": {
      "x": 0,
      "y": 14,
      "width": 233,
      "height": 233
    },
    "offset": {
      "x": -13,
      "y": 9
    },
    "originalSize": {
      "width": 259,
      "height": 279
    },
    "rotated": false,
    "capInsets": [
      0,
      0,
      0,
      0
    ],
    "vertices": {
      "rawPosition": [
        -116.5,
        -116.5,
        0,
        116.5,
        -116.5,
        0,
        -116.5,
        116.5,
        0,
        116.5,
        116.5,
        0
      ],
      "indexes": [
        0,
        1,
        2,
        2,
        1,
        3
      ],
      "uv": [
        0,
        265,
        233,
        265,
        0,
        32,
        233,
        32
      ],
      "nuv": [
        0,
        0.11469534050179211,
        0.8996138996138996,
        0.11469534050179211,
        0,
        0.9498207885304659,
        0.8996138996138996,
        0.9498207885304659
      ],
      "minPos": {
        "x": -116.5,
        "y": -116.5,
        "z": 0
      },
      "maxPos": {
        "x": 116.5,
        "y": 116.5,
        "z": 0
      }
    },
    "texture": "14078a78-2580-4049-beca-00d1f536e142@6c48a",
    "packable": true,
    "pixelsToUnit": 100,
    "pivot": {
      "x": 0.5,
      "y": 0.5
    },
    "meshType": 0
  }
}