{
  "__type__": "cc.SpriteFrame",
  "content": {
    "name": "mifeng-a 02",
    "atlas": "",
    "rect": {
      "x": 4,
      "y": 3,
      "width": 65,
      "height": 65
    },
    "offset": {
      "x": -1.5,
      "y": -0.5
    },
    "originalSize": {
      "width": 76,
      "height": 70
    },
    "rotated": false,
    "capInsets": [
      0,
      0,
      0,
      0
    ],
    "vertices": {
      "rawPosition": [
        -32.5,
        -32.5,
        0,
        32.5,
        -32.5,
        0,
        -32.5,
        32.5,
        0,
        32.5,
        32.5,
        0
      ],
      "indexes": [
        0,
        1,
        2,
        2,
        1,
        3
      ],
      "uv": [
        4,
        67,
        69,
        67,
        4,
        2,
        69,
        2
      ],
      "nuv": [
        0.05263157894736842,
        0.02857142857142857,
        0.9078947368421053,
        0.02857142857142857,
        0.05263157894736842,
        0.9571428571428572,
        0.9078947368421053,
        0.9571428571428572
      ],
      "minPos": {
        "x": -32.5,
        "y": -32.5,
        "z": 0
      },
      "maxPos": {
        "x": 32.5,
        "y": 32.5,
        "z": 0
      }
    },
    "texture": "351940c1-b293-4109-864c-e38e8bc340dd@6c48a",
    "packable": true,
    "pixelsToUnit": 100,
    "pivot": {
      "x": 0.5,
      "y": 0.5
    },
    "meshType": 0
  }
}