{
  "__type__": "cc.SpriteFrame",
  "content": {
    "name": "djg-1 19",
    "atlas": "",
    "rect": {
      "x": 16,
      "y": 16,
      "width": 61,
      "height": 61
    },
    "offset": {
      "x": 0,
      "y": 0
    },
    "originalSize": {
      "width": 93,
      "height": 93
    },
    "rotated": false,
    "capInsets": [
      0,
      0,
      0,
      0
    ],
    "vertices": {
      "rawPosition": [
        -30.5,
        -30.5,
        0,
        30.5,
        -30.5,
        0,
        -30.5,
        30.5,
        0,
        30.5,
        30.5,
        0
      ],
      "indexes": [
        0,
        1,
        2,
        2,
        1,
        3
      ],
      "uv": [
        16,
        77,
        77,
        77,
        16,
        16,
        77,
        16
      ],
      "nuv": [
        0.17204301075268819,
        0.17204301075268819,
        0.8279569892473119,
        0.17204301075268819,
        0.17204301075268819,
        0.8279569892473119,
        0.8279569892473119,
        0.8279569892473119
      ],
      "minPos": {
        "x": -30.5,
        "y": -30.5,
        "z": 0
      },
      "maxPos": {
        "x": 30.5,
        "y": 30.5,
        "z": 0
      }
    },
    "texture": "358f31bb-a2ae-41c2-97a3-410b40f66367@6c48a",
    "packable": true,
    "pixelsToUnit": 100,
    "pivot": {
      "x": 0.5,
      "y": 0.5
    },
    "meshType": 0
  }
}