{
  "__type__": "cc.SpriteFrame",
  "content": {
    "name": "die3",
    "atlas": "",
    "rect": {
      "x": 5,
      "y": 8,
      "width": 49,
      "height": 45
    },
    "offset": {
      "x": 2.5,
      "y": -2.5
    },
    "originalSize": {
      "width": 54,
      "height": 56
    },
    "rotated": false,
    "capInsets": [
      0,
      0,
      0,
      0
    ],
    "vertices": {
      "rawPosition": [
        -24.5,
        -22.5,
        0,
        24.5,
        -22.5,
        0,
        -24.5,
        22.5,
        0,
        24.5,
        22.5,
        0
      ],
      "indexes": [
        0,
        1,
        2,
        2,
        1,
        3
      ],
      "uv": [
        5,
        48,
        54,
        48,
        5,
        3,
        54,
        3
      ],
      "nuv": [
        0.09259259259259259,
        0.05357142857142857,
        1,
        0.05357142857142857,
        0.09259259259259259,
        0.8571428571428571,
        1,
        0.8571428571428571
      ],
      "minPos": {
        "x": -24.5,
        "y": -22.5,
        "z": 0
      },
      "maxPos": {
        "x": 24.5,
        "y": 22.5,
        "z": 0
      }
    },
    "texture": "49470164-1230-4110-87fc-53018b616017@6c48a",
    "packable": true,
    "pixelsToUnit": 100,
    "pivot": {
      "x": 0.5,
      "y": 0.5
    },
    "meshType": 0
  }
}