{
  "__type__": "cc.SpriteFrame",
  "content": {
    "name": "stone",
    "atlas": "",
    "rect": {
      "x": 3,
      "y": 24,
      "width": 110,
      "height": 102
    },
    "offset": {
      "x": -10.5,
      "y": -8.5
    },
    "originalSize": {
      "width": 137,
      "height": 133
    },
    "rotated": false,
    "capInsets": [
      0,
      0,
      0,
      0
    ],
    "vertices": {
      "rawPosition": [
        -55,
        -51,
        0,
        55,
        -51,
        0,
        -55,
        51,
        0,
        55,
        51,
        0
      ],
      "indexes": [
        0,
        1,
        2,
        2,
        1,
        3
      ],
      "uv": [
        3,
        109,
        113,
        109,
        3,
        7,
        113,
        7
      ],
      "nuv": [
        0.021897810218978103,
        0.05263157894736842,
        0.8248175182481752,
        0.05263157894736842,
        0.021897810218978103,
        0.8195488721804511,
        0.8248175182481752,
        0.8195488721804511
      ],
      "minPos": {
        "x": -55,
        "y": -51,
        "z": 0
      },
      "maxPos": {
        "x": 55,
        "y": 51,
        "z": 0
      }
    },
    "texture": "54d8b4f9-b343-463b-b972-fb45bf9ac9c4@6c48a",
    "packable": true,
    "pixelsToUnit": 100,
    "pivot": {
      "x": 0.5,
      "y": 0.5
    },
    "meshType": 0
  }
}