{
  "__type__": "cc.SpriteFrame",
  "content": {
    "name": "kk4",
    "atlas": "",
    "rect": {
      "x": 24,
      "y": 4,
      "width": 192,
      "height": 147
    },
    "offset": {
      "x": 10,
      "y": 3.5
    },
    "originalSize": {
      "width": 220,
      "height": 162
    },
    "rotated": false,
    "capInsets": [
      0,
      0,
      0,
      0
    ],
    "vertices": {
      "rawPosition": [
        -96,
        -73.5,
        0,
        96,
        -73.5,
        0,
        -96,
        73.5,
        0,
        96,
        73.5,
        0
      ],
      "indexes": [
        0,
        1,
        2,
        2,
        1,
        3
      ],
      "uv": [
        24,
        158,
        216,
        158,
        24,
        11,
        216,
        11
      ],
      "nuv": [
        0.10909090909090909,
        0.06790123456790123,
        0.9818181818181818,
        0.06790123456790123,
        0.10909090909090909,
        0.9753086419753086,
        0.9818181818181818,
        0.9753086419753086
      ],
      "minPos": {
        "x": -96,
        "y": -73.5,
        "z": 0
      },
      "maxPos": {
        "x": 96,
        "y": 73.5,
        "z": 0
      }
    },
    "texture": "aea16bef-a6e4-4f2f-9250-42b7a12e2d86@6c48a",
    "packable": true,
    "pixelsToUnit": 100,
    "pivot": {
      "x": 0.5,
      "y": 0.5
    },
    "meshType": 0
  }
}