{
  "__type__": "cc.SpriteFrame",
  "content": {
    "name": "die3",
    "atlas": "",
    "rect": {
      "x": 4,
      "y": 0,
      "width": 40,
      "height": 46
    },
    "offset": {
      "x": 0,
      "y": 2.5
    },
    "originalSize": {
      "width": 48,
      "height": 51
    },
    "rotated": false,
    "capInsets": [
      0,
      0,
      0,
      0
    ],
    "vertices": {
      "rawPosition": [
        -20,
        -23,
        0,
        20,
        -23,
        0,
        -20,
        23,
        0,
        20,
        23,
        0
      ],
      "indexes": [
        0,
        1,
        2,
        2,
        1,
        3
      ],
      "uv": [
        4,
        51,
        44,
        51,
        4,
        5,
        44,
        5
      ],
      "nuv": [
        0.08333333333333333,
        0.09803921568627451,
        0.9166666666666666,
        0.09803921568627451,
        0.08333333333333333,
        1,
        0.9166666666666666,
        1
      ],
      "minPos": {
        "x": -20,
        "y": -23,
        "z": 0
      },
      "maxPos": {
        "x": 20,
        "y": 23,
        "z": 0
      }
    },
    "texture": "be810c37-cfdb-424c-8c3f-346900e1e5cd@6c48a",
    "packable": true,
    "pixelsToUnit": 100,
    "pivot": {
      "x": 0.5,
      "y": 0.5
    },
    "meshType": 0
  }
}