{
  "__type__": "cc.SpriteFrame",
  "content": {
    "name": "ww11",
    "atlas": "",
    "rect": {
      "x": 2,
      "y": 5,
      "width": 170,
      "height": 124
    },
    "offset": {
      "x": 1,
      "y": -1
    },
    "originalSize": {
      "width": 172,
      "height": 132
    },
    "rotated": false,
    "capInsets": [
      0,
      0,
      0,
      0
    ],
    "vertices": {
      "rawPosition": [
        -85,
        -62,
        0,
        85,
        -62,
        0,
        -85,
        62,
        0,
        85,
        62,
        0
      ],
      "indexes": [
        0,
        1,
        2,
        2,
        1,
        3
      ],
      "uv": [
        2,
        127,
        172,
        127,
        2,
        3,
        172,
        3
      ],
      "nuv": [
        0.011627906976744186,
        0.022727272727272728,
        1,
        0.022727272727272728,
        0.011627906976744186,
        0.9621212121212122,
        1,
        0.9621212121212122
      ],
      "minPos": {
        "x": -85,
        "y": -62,
        "z": 0
      },
      "maxPos": {
        "x": 85,
        "y": 62,
        "z": 0
      }
    },
    "texture": "bef3da28-2a0c-4e7a-a014-8b4ae5fdfbc3@6c48a",
    "packable": true,
    "pixelsToUnit": 100,
    "pivot": {
      "x": 0.5,
      "y": 0.5
    },
    "meshType": 0
  }
}