{
  "__type__": "cc.SpriteFrame",
  "content": {
    "name": "s7",
    "atlas": "",
    "rect": {
      "x": 1,
      "y": 1,
      "width": 81,
      "height": 83
    },
    "offset": {
      "x": 0,
      "y": -0.5
    },
    "originalSize": {
      "width": 83,
      "height": 84
    },
    "rotated": false,
    "capInsets": [
      0,
      0,
      0,
      0
    ],
    "vertices": {
      "rawPosition": [
        -40.5,
        -41.5,
        0,
        40.5,
        -41.5,
        0,
        -40.5,
        41.5,
        0,
        40.5,
        41.5,
        0
      ],
      "indexes": [
        0,
        1,
        2,
        2,
        1,
        3
      ],
      "uv": [
        1,
        83,
        82,
        83,
        1,
        0,
        82,
        0
      ],
      "nuv": [
        0.012048192771084338,
        0,
        0.9879518072289156,
        0,
        0.012048192771084338,
        0.9880952380952381,
        0.9879518072289156,
        0.9880952380952381
      ],
      "minPos": {
        "x": -40.5,
        "y": -41.5,
        "z": 0
      },
      "maxPos": {
        "x": 40.5,
        "y": 41.5,
        "z": 0
      }
    },
    "texture": "4614cf4e-ed0e-4f63-a35c-dc836213da8a@6c48a",
    "packable": true,
    "pixelsToUnit": 100,
    "pivot": {
      "x": 0.5,
      "y": 0.5
    },
    "meshType": 0
  }
}