{
  "__type__": "cc.SpriteFrame",
  "content": {
    "name": "die3",
    "atlas": "",
    "rect": {
      "x": 8,
      "y": 3,
      "width": 35,
      "height": 34
    },
    "offset": {
      "x": 4,
      "y": 4
    },
    "originalSize": {
      "width": 43,
      "height": 48
    },
    "rotated": false,
    "capInsets": [
      0,
      0,
      0,
      0
    ],
    "vertices": {
      "rawPosition": [
        -17.5,
        -17,
        0,
        17.5,
        -17,
        0,
        -17.5,
        17,
        0,
        17.5,
        17,
        0
      ],
      "indexes": [
        0,
        1,
        2,
        2,
        1,
        3
      ],
      "uv": [
        8,
        45,
        43,
        45,
        8,
        11,
        43,
        11
      ],
      "nuv": [
        0.18604651162790697,
        0.22916666666666666,
        1,
        0.22916666666666666,
        0.18604651162790697,
        0.9375,
        1,
        0.9375
      ],
      "minPos": {
        "x": -17.5,
        "y": -17,
        "z": 0
      },
      "maxPos": {
        "x": 17.5,
        "y": 17,
        "z": 0
      }
    },
    "texture": "467c74a9-c7f8-40ea-ba2a-ece236ce9fd4@6c48a",
    "packable": true,
    "pixelsToUnit": 100,
    "pivot": {
      "x": 0.5,
      "y": 0.5
    },
    "meshType": 0
  }
}