{
  "__type__": "cc.SpriteFrame",
  "content": {
    "name": "djg-1 24",
    "atlas": "",
    "rect": {
      "x": 2,
      "y": 2,
      "width": 89,
      "height": 89
    },
    "offset": {
      "x": 0,
      "y": 0
    },
    "originalSize": {
      "width": 93,
      "height": 93
    },
    "rotated": false,
    "capInsets": [
      0,
      0,
      0,
      0
    ],
    "vertices": {
      "rawPosition": [
        -44.5,
        -44.5,
        0,
        44.5,
        -44.5,
        0,
        -44.5,
        44.5,
        0,
        44.5,
        44.5,
        0
      ],
      "indexes": [
        0,
        1,
        2,
        2,
        1,
        3
      ],
      "uv": [
        2,
        91,
        91,
        91,
        2,
        2,
        91,
        2
      ],
      "nuv": [
        0.021505376344086023,
        0.021505376344086023,
        0.978494623655914,
        0.021505376344086023,
        0.021505376344086023,
        0.978494623655914,
        0.978494623655914,
        0.978494623655914
      ],
      "minPos": {
        "x": -44.5,
        "y": -44.5,
        "z": 0
      },
      "maxPos": {
        "x": 44.5,
        "y": 44.5,
        "z": 0
      }
    },
    "texture": "46b01ea0-7fb8-4942-8d35-b486523c269c@6c48a",
    "packable": true,
    "pixelsToUnit": 100,
    "pivot": {
      "x": 0.5,
      "y": 0.5
    },
    "meshType": 0
  }
}