{
  "__type__": "cc.SpriteFrame",
  "content": {
    "name": "die2",
    "atlas": "",
    "rect": {
      "x": 20,
      "y": 0,
      "width": 157,
      "height": 163
    },
    "offset": {
      "x": 10,
      "y": 20
    },
    "originalSize": {
      "width": 177,
      "height": 203
    },
    "rotated": false,
    "capInsets": [
      0,
      0,
      0,
      0
    ],
    "vertices": {
      "rawPosition": [
        -78.5,
        -81.5,
        0,
        78.5,
        -81.5,
        0,
        -78.5,
        81.5,
        0,
        78.5,
        81.5,
        0
      ],
      "indexes": [
        0,
        1,
        2,
        2,
        1,
        3
      ],
      "uv": [
        20,
        203,
        177,
        203,
        20,
        40,
        177,
        40
      ],
      "nuv": [
        0.11299435028248588,
        0.19704433497536947,
        1,
        0.19704433497536947,
        0.11299435028248588,
        1,
        1,
        1
      ],
      "minPos": {
        "x": -78.5,
        "y": -81.5,
        "z": 0
      },
      "maxPos": {
        "x": 78.5,
        "y": 81.5,
        "z": 0
      }
    },
    "texture": "46b7595d-484d-44ff-9624-7186f8d59aac@6c48a",
    "packable": true,
    "pixelsToUnit": 100,
    "pivot": {
      "x": 0.5,
      "y": 0.5
    },
    "meshType": 0
  }
}