{
  "__type__": "cc.SpriteFrame",
  "content": {
    "name": "huo-5 07",
    "atlas": "",
    "rect": {
      "x": 8,
      "y": 1,
      "width": 117,
      "height": 134
    },
    "offset": {
      "x": -0.5,
      "y": 3.5
    },
    "originalSize": {
      "width": 134,
      "height": 143
    },
    "rotated": false,
    "capInsets": [
      0,
      0,
      0,
      0
    ],
    "vertices": {
      "rawPosition": [
        -58.5,
        -67,
        0,
        58.5,
        -67,
        0,
        -58.5,
        67,
        0,
        58.5,
        67,
        0
      ],
      "indexes": [
        0,
        1,
        2,
        2,
        1,
        3
      ],
      "uv": [
        8,
        142,
        125,
        142,
        8,
        8,
        125,
        8
      ],
      "nuv": [
        0.05970149253731343,
        0.055944055944055944,
        0.9328358208955224,
        0.055944055944055944,
        0.05970149253731343,
        0.993006993006993,
        0.9328358208955224,
        0.993006993006993
      ],
      "minPos": {
        "x": -58.5,
        "y": -67,
        "z": 0
      },
      "maxPos": {
        "x": 58.5,
        "y": 67,
        "z": 0
      }
    },
    "texture": "46da3f4a-48f5-4b23-a8f1-45baf0ddbb37@6c48a",
    "packable": true,
    "pixelsToUnit": 100,
    "pivot": {
      "x": 0.5,
      "y": 0.5
    },
    "meshType": 0
  }
}