{
  "__type__": "cc.SpriteFrame",
  "content": {
    "name": "skeleton-animation2 6",
    "atlas": "",
    "rect": {
      "x": 11,
      "y": 17,
      "width": 79,
      "height": 89
    },
    "offset": {
      "x": -3.5,
      "y": -1.5
    },
    "originalSize": {
      "width": 108,
      "height": 120
    },
    "rotated": false,
    "capInsets": [
      0,
      0,
      0,
      0
    ],
    "vertices": {
      "rawPosition": [
        -39.5,
        -44.5,
        0,
        39.5,
        -44.5,
        0,
        -39.5,
        44.5,
        0,
        39.5,
        44.5,
        0
      ],
      "indexes": [
        0,
        1,
        2,
        2,
        1,
        3
      ],
      "uv": [
        11,
        103,
        90,
        103,
        11,
        14,
        90,
        14
      ],
      "nuv": [
        0.10185185185185185,
        0.11666666666666667,
        0.8333333333333334,
        0.11666666666666667,
        0.10185185185185185,
        0.8583333333333333,
        0.8333333333333334,
        0.8583333333333333
      ],
      "minPos": {
        "x": -39.5,
        "y": -44.5,
        "z": 0
      },
      "maxPos": {
        "x": 39.5,
        "y": 44.5,
        "z": 0
      }
    },
    "texture": "563fc04c-9b61-45b4-ba67-b7683028a09b@6c48a",
    "packable": true,
    "pixelsToUnit": 100,
    "pivot": {
      "x": 0.5,
      "y": 0.5
    },
    "meshType": 0
  }
}