{
  "__type__": "cc.SpriteFrame",
  "content": {
    "name": "xing-animation 08",
    "atlas": "",
    "rect": {
      "x": 129,
      "y": 13,
      "width": 433,
      "height": 87
    },
    "offset": {
      "x": 44,
      "y": 6
    },
    "originalSize": {
      "width": 603,
      "height": 125
    },
    "rotated": false,
    "capInsets": [
      0,
      0,
      0,
      0
    ],
    "vertices": {
      "rawPosition": [
        -216.5,
        -43.5,
        0,
        216.5,
        -43.5,
        0,
        -216.5,
        43.5,
        0,
        216.5,
        43.5,
        0
      ],
      "indexes": [
        0,
        1,
        2,
        2,
        1,
        3
      ],
      "uv": [
        129,
        112,
        562,
        112,
        129,
        25,
        562,
        25
      ],
      "nuv": [
        0.21393034825870647,
        0.2,
        0.9320066334991708,
        0.2,
        0.21393034825870647,
        0.896,
        0.9320066334991708,
        0.896
      ],
      "minPos": {
        "x": -216.5,
        "y": -43.5,
        "z": 0
      },
      "maxPos": {
        "x": 216.5,
        "y": 43.5,
        "z": 0
      }
    },
    "texture": "569ac540-b62b-41bc-8a0d-68da549f5926@6c48a",
    "packable": true,
    "pixelsToUnit": 100,
    "pivot": {
      "x": 0.5,
      "y": 0.5
    },
    "meshType": 0
  }
}