{
  "__type__": "cc.SpriteFrame",
  "content": {
    "name": "dog-a_08",
    "atlas": "",
    "rect": {
      "x": 3,
      "y": 1,
      "width": 51,
      "height": 55
    },
    "offset": {
      "x": 1.5,
      "y": -0.5
    },
    "originalSize": {
      "width": 54,
      "height": 56
    },
    "rotated": false,
    "capInsets": [
      0,
      0,
      0,
      0
    ],
    "vertices": {
      "rawPosition": [
        -25.5,
        -27.5,
        0,
        25.5,
        -27.5,
        0,
        -25.5,
        27.5,
        0,
        25.5,
        27.5,
        0
      ],
      "indexes": [
        0,
        1,
        2,
        2,
        1,
        3
      ],
      "uv": [
        3,
        55,
        54,
        55,
        3,
        0,
        54,
        0
      ],
      "nuv": [
        0.05555555555555555,
        0,
        1,
        0,
        0.05555555555555555,
        0.9821428571428571,
        1,
        0.9821428571428571
      ],
      "minPos": {
        "x": -25.5,
        "y": -27.5,
        "z": 0
      },
      "maxPos": {
        "x": 25.5,
        "y": 27.5,
        "z": 0
      }
    },
    "texture": "5730f1f5-7f37-4880-a6f1-cddb3c9f2112@6c48a",
    "packable": true,
    "pixelsToUnit": 100,
    "pivot": {
      "x": 0.5,
      "y": 0.5
    },
    "meshType": 0
  }
}