{
  "__type__": "cc.SpriteFrame",
  "content": {
    "name": "die2",
    "atlas": "",
    "rect": {
      "x": 2,
      "y": 6,
      "width": 52,
      "height": 50
    },
    "offset": {
      "x": 1,
      "y": -3
    },
    "originalSize": {
      "width": 54,
      "height": 56
    },
    "rotated": false,
    "capInsets": [
      0,
      0,
      0,
      0
    ],
    "vertices": {
      "rawPosition": [
        -26,
        -25,
        0,
        26,
        -25,
        0,
        -26,
        25,
        0,
        26,
        25,
        0
      ],
      "indexes": [
        0,
        1,
        2,
        2,
        1,
        3
      ],
      "uv": [
        2,
        50,
        54,
        50,
        2,
        0,
        54,
        0
      ],
      "nuv": [
        0.037037037037037035,
        0,
        1,
        0,
        0.037037037037037035,
        0.8928571428571429,
        1,
        0.8928571428571429
      ],
      "minPos": {
        "x": -26,
        "y": -25,
        "z": 0
      },
      "maxPos": {
        "x": 26,
        "y": 25,
        "z": 0
      }
    },
    "texture": "57558b62-773d-4d17-be1c-d2e00c2f8146@6c48a",
    "packable": true,
    "pixelsToUnit": 100,
    "pivot": {
      "x": 0.5,
      "y": 0.5
    },
    "meshType": 0
  }
}