{
  "__type__": "cc.SpriteFrame",
  "content": {
    "name": "skeleton-4 13",
    "atlas": "",
    "rect": {
      "x": 30,
      "y": 23,
      "width": 339,
      "height": 333
    },
    "offset": {
      "x": 9,
      "y": 1
    },
    "originalSize": {
      "width": 381,
      "height": 381
    },
    "rotated": false,
    "capInsets": [
      0,
      0,
      0,
      0
    ],
    "vertices": {
      "rawPosition": [
        -169.5,
        -166.5,
        0,
        169.5,
        -166.5,
        0,
        -169.5,
        166.5,
        0,
        169.5,
        166.5,
        0
      ],
      "indexes": [
        0,
        1,
        2,
        2,
        1,
        3
      ],
      "uv": [
        30,
        358,
        369,
        358,
        30,
        25,
        369,
        25
      ],
      "nuv": [
        0.07874015748031496,
        0.06561679790026247,
        0.968503937007874,
        0.06561679790026247,
        0.07874015748031496,
        0.9396325459317585,
        0.968503937007874,
        0.9396325459317585
      ],
      "minPos": {
        "x": -169.5,
        "y": -166.5,
        "z": 0
      },
      "maxPos": {
        "x": 169.5,
        "y": 166.5,
        "z": 0
      }
    },
    "texture": "f40020ff-81c2-4b27-bb38-338a94b6bcd5@6c48a",
    "packable": true,
    "pixelsToUnit": 100,
    "pivot": {
      "x": 0.5,
      "y": 0.5
    },
    "meshType": 0
  }
}