{
  "__type__": "cc.SpriteFrame",
  "content": {
    "name": "kk3",
    "atlas": "",
    "rect": {
      "x": 28,
      "y": 8,
      "width": 183,
      "height": 144
    },
    "offset": {
      "x": 9.5,
      "y": 1
    },
    "originalSize": {
      "width": 220,
      "height": 162
    },
    "rotated": false,
    "capInsets": [
      0,
      0,
      0,
      0
    ],
    "vertices": {
      "rawPosition": [
        -91.5,
        -72,
        0,
        91.5,
        -72,
        0,
        -91.5,
        72,
        0,
        91.5,
        72,
        0
      ],
      "indexes": [
        0,
        1,
        2,
        2,
        1,
        3
      ],
      "uv": [
        28,
        154,
        211,
        154,
        28,
        10,
        211,
        10
      ],
      "nuv": [
        0.12727272727272726,
        0.06172839506172839,
        0.9590909090909091,
        0.06172839506172839,
        0.12727272727272726,
        0.9506172839506173,
        0.9590909090909091,
        0.9506172839506173
      ],
      "minPos": {
        "x": -91.5,
        "y": -72,
        "z": 0
      },
      "maxPos": {
        "x": 91.5,
        "y": 72,
        "z": 0
      }
    },
    "texture": "f41c42b1-bc54-4465-90b2-616f7ad2e3a9@6c48a",
    "packable": true,
    "pixelsToUnit": 100,
    "pivot": {
      "x": 0.5,
      "y": 0.5
    },
    "meshType": 0
  }
}