{
  "__type__": "cc.SpriteFrame",
  "content": {
    "name": "dog-a_12",
    "atlas": "",
    "rect": {
      "x": 1,
      "y": 1,
      "width": 52,
      "height": 55
    },
    "offset": {
      "x": 0,
      "y": -0.5
    },
    "originalSize": {
      "width": 54,
      "height": 56
    },
    "rotated": false,
    "capInsets": [
      0,
      0,
      0,
      0
    ],
    "vertices": {
      "rawPosition": [
        -26,
        -27.5,
        0,
        26,
        -27.5,
        0,
        -26,
        27.5,
        0,
        26,
        27.5,
        0
      ],
      "indexes": [
        0,
        1,
        2,
        2,
        1,
        3
      ],
      "uv": [
        1,
        55,
        53,
        55,
        1,
        0,
        53,
        0
      ],
      "nuv": [
        0.018518518518518517,
        0,
        0.9814814814814815,
        0,
        0.018518518518518517,
        0.9821428571428571,
        0.9814814814814815,
        0.9821428571428571
      ],
      "minPos": {
        "x": -26,
        "y": -27.5,
        "z": 0
      },
      "maxPos": {
        "x": 26,
        "y": 27.5,
        "z": 0
      }
    },
    "texture": "f4939445-44a6-499b-9f3b-451f2f3aef75@6c48a",
    "packable": true,
    "pixelsToUnit": 100,
    "pivot": {
      "x": 0.5,
      "y": 0.5
    },
    "meshType": 0
  }
}