{
  "__type__": "cc.SpriteFrame",
  "content": {
    "name": "ww8",
    "atlas": "",
    "rect": {
      "x": 3,
      "y": 3,
      "width": 169,
      "height": 129
    },
    "offset": {
      "x": 1.5,
      "y": -1.5
    },
    "originalSize": {
      "width": 172,
      "height": 132
    },
    "rotated": false,
    "capInsets": [
      0,
      0,
      0,
      0
    ],
    "vertices": {
      "rawPosition": [
        -84.5,
        -64.5,
        0,
        84.5,
        -64.5,
        0,
        -84.5,
        64.5,
        0,
        84.5,
        64.5,
        0
      ],
      "indexes": [
        0,
        1,
        2,
        2,
        1,
        3
      ],
      "uv": [
        3,
        129,
        172,
        129,
        3,
        0,
        172,
        0
      ],
      "nuv": [
        0.01744186046511628,
        0,
        1,
        0,
        0.01744186046511628,
        0.9772727272727273,
        1,
        0.9772727272727273
      ],
      "minPos": {
        "x": -84.5,
        "y": -64.5,
        "z": 0
      },
      "maxPos": {
        "x": 84.5,
        "y": 64.5,
        "z": 0
      }
    },
    "texture": "a04e5552-39e8-4462-9b8c-68bbaa0131f2@6c48a",
    "packable": true,
    "pixelsToUnit": 100,
    "pivot": {
      "x": 0.5,
      "y": 0.5
    },
    "meshType": 0
  }
}