{
  "__type__": "cc.SpriteFrame",
  "content": {
    "name": "sign",
    "atlas": "",
    "rect": {
      "x": 21,
      "y": 13,
      "width": 61,
      "height": 75
    },
    "offset": {
      "x": 5,
      "y": -4
    },
    "originalSize": {
      "width": 93,
      "height": 93
    },
    "rotated": false,
    "capInsets": [
      0,
      0,
      0,
      0
    ],
    "vertices": {
      "rawPosition": [
        -30.5,
        -37.5,
        0,
        30.5,
        -37.5,
        0,
        -30.5,
        37.5,
        0,
        30.5,
        37.5,
        0
      ],
      "indexes": [
        0,
        1,
        2,
        2,
        1,
        3
      ],
      "uv": [
        21,
        80,
        82,
        80,
        21,
        5,
        82,
        5
      ],
      "nuv": [
        0.22580645161290322,
        0.053763440860215055,
        0.8817204301075269,
        0.053763440860215055,
        0.22580645161290322,
        0.8602150537634409,
        0.8817204301075269,
        0.8602150537634409
      ],
      "minPos": {
        "x": -30.5,
        "y": -37.5,
        "z": 0
      },
      "maxPos": {
        "x": 30.5,
        "y": 37.5,
        "z": 0
      }
    },
    "texture": "a05274b8-f78e-4b31-b4b3-e7fda48bdc45@6c48a",
    "packable": true,
    "pixelsToUnit": 100,
    "pivot": {
      "x": 0.5,
      "y": 0.5
    },
    "meshType": 0
  }
}