{
  "__type__": "cc.SpriteFrame",
  "content": {
    "name": "ui_gj",
    "atlas": "",
    "rect": {
      "x": 6,
      "y": 4,
      "width": 81,
      "height": 84
    },
    "offset": {
      "x": 0,
      "y": 0.5
    },
    "originalSize": {
      "width": 93,
      "height": 93
    },
    "rotated": false,
    "capInsets": [
      0,
      0,
      0,
      0
    ],
    "vertices": {
      "rawPosition": [
        -40.5,
        -42,
        0,
        40.5,
        -42,
        0,
        -40.5,
        42,
        0,
        40.5,
        42,
        0
      ],
      "indexes": [
        0,
        1,
        2,
        2,
        1,
        3
      ],
      "uv": [
        6,
        89,
        87,
        89,
        6,
        5,
        87,
        5
      ],
      "nuv": [
        0.06451612903225806,
        0.053763440860215055,
        0.9354838709677419,
        0.053763440860215055,
        0.06451612903225806,
        0.956989247311828,
        0.9354838709677419,
        0.956989247311828
      ],
      "minPos": {
        "x": -40.5,
        "y": -42,
        "z": 0
      },
      "maxPos": {
        "x": 40.5,
        "y": 42,
        "z": 0
      }
    },
    "texture": "a0b3c22f-27c8-4b35-92b1-2b7ecfc41b97@6c48a",
    "packable": true,
    "pixelsToUnit": 100,
    "pivot": {
      "x": 0.5,
      "y": 0.5
    },
    "meshType": 0
  }
}