{
  "__type__": "cc.SpriteFrame",
  "content": {
    "name": "pig-animation_00",
    "atlas": "",
    "rect": {
      "x": 0,
      "y": 2,
      "width": 52,
      "height": 39
    },
    "offset": {
      "x": -1,
      "y": -1
    },
    "originalSize": {
      "width": 54,
      "height": 41
    },
    "rotated": false,
    "capInsets": [
      0,
      0,
      0,
      0
    ],
    "vertices": {
      "rawPosition": [
        -26,
        -19.5,
        0,
        26,
        -19.5,
        0,
        -26,
        19.5,
        0,
        26,
        19.5,
        0
      ],
      "indexes": [
        0,
        1,
        2,
        2,
        1,
        3
      ],
      "uv": [
        0,
        39,
        52,
        39,
        0,
        0,
        52,
        0
      ],
      "nuv": [
        0,
        0,
        0.9629629629629629,
        0,
        0,
        0.9512195121951219,
        0.9629629629629629,
        0.9512195121951219
      ],
      "minPos": {
        "x": -26,
        "y": -19.5,
        "z": 0
      },
      "maxPos": {
        "x": 26,
        "y": 19.5,
        "z": 0
      }
    },
    "texture": "a0ea1cc0-826e-4548-b957-418af68acffa@6c48a",
    "packable": true,
    "pixelsToUnit": 100,
    "pivot": {
      "x": 0.5,
      "y": 0.5
    },
    "meshType": 0
  }
}