{
  "__type__": "cc.SpriteFrame",
  "content": {
    "name": "bullet1022",
    "atlas": "",
    "rect": {
      "x": 2,
      "y": 0,
      "width": 112,
      "height": 116
    },
    "offset": {
      "x": 0,
      "y": 0
    },
    "originalSize": {
      "width": 116,
      "height": 116
    },
    "rotated": false,
    "capInsets": [
      0,
      0,
      0,
      0
    ],
    "vertices": {
      "rawPosition": [
        -56,
        -58,
        0,
        56,
        -58,
        0,
        -56,
        58,
        0,
        56,
        58,
        0
      ],
      "indexes": [
        0,
        1,
        2,
        2,
        1,
        3
      ],
      "uv": [
        2,
        116,
        114,
        116,
        2,
        0,
        114,
        0
      ],
      "nuv": [
        0.017241379310344827,
        0,
        0.9827586206896551,
        0,
        0.017241379310344827,
        1,
        0.9827586206896551,
        1
      ],
      "minPos": {
        "x": -56,
        "y": -58,
        "z": 0
      },
      "maxPos": {
        "x": 56,
        "y": 58,
        "z": 0
      }
    },
    "texture": "5898e966-fbd9-4644-a00a-8f6ed3f68ff0@6c48a",
    "packable": true,
    "pixelsToUnit": 100,
    "pivot": {
      "x": 0.5,
      "y": 0.5
    },
    "meshType": 0
  }
}