{
  "__type__": "cc.SpriteFrame",
  "content": {
    "name": "leida-Rwalk 07",
    "atlas": "",
    "rect": {
      "x": 17,
      "y": 0,
      "width": 41,
      "height": 67
    },
    "offset": {
      "x": 2.5,
      "y": 0.5
    },
    "originalSize": {
      "width": 70,
      "height": 68
    },
    "rotated": false,
    "capInsets": [
      0,
      0,
      0,
      0
    ],
    "vertices": {
      "rawPosition": [
        -20.5,
        -33.5,
        0,
        20.5,
        -33.5,
        0,
        -20.5,
        33.5,
        0,
        20.5,
        33.5,
        0
      ],
      "indexes": [
        0,
        1,
        2,
        2,
        1,
        3
      ],
      "uv": [
        17,
        68,
        58,
        68,
        17,
        1,
        58,
        1
      ],
      "nuv": [
        0.24285714285714285,
        0.014705882352941176,
        0.8285714285714286,
        0.014705882352941176,
        0.24285714285714285,
        1,
        0.8285714285714286,
        1
      ],
      "minPos": {
        "x": -20.5,
        "y": -33.5,
        "z": 0
      },
      "maxPos": {
        "x": 20.5,
        "y": 33.5,
        "z": 0
      }
    },
    "texture": "441aed29-a677-4e56-9c8e-5699474bbe84@6c48a",
    "packable": true,
    "pixelsToUnit": 100,
    "pivot": {
      "x": 0.5,
      "y": 0.5
    },
    "meshType": 0
  }
}