{
  "__type__": "cc.SpriteFrame",
  "content": {
    "name": "mifeng-b 4",
    "atlas": "",
    "rect": {
      "x": 1,
      "y": 5,
      "width": 57,
      "height": 58
    },
    "offset": {
      "x": -8.5,
      "y": 1
    },
    "originalSize": {
      "width": 76,
      "height": 70
    },
    "rotated": false,
    "capInsets": [
      0,
      0,
      0,
      0
    ],
    "vertices": {
      "rawPosition": [
        -28.5,
        -29,
        0,
        28.5,
        -29,
        0,
        -28.5,
        29,
        0,
        28.5,
        29,
        0
      ],
      "indexes": [
        0,
        1,
        2,
        2,
        1,
        3
      ],
      "uv": [
        1,
        65,
        58,
        65,
        1,
        7,
        58,
        7
      ],
      "nuv": [
        0.013157894736842105,
        0.1,
        0.7631578947368421,
        0.1,
        0.013157894736842105,
        0.9285714285714286,
        0.7631578947368421,
        0.9285714285714286
      ],
      "minPos": {
        "x": -28.5,
        "y": -29,
        "z": 0
      },
      "maxPos": {
        "x": 28.5,
        "y": 29,
        "z": 0
      }
    },
    "texture": "446ba986-23f9-4cbb-88bf-da193da2842b@6c48a",
    "packable": true,
    "pixelsToUnit": 100,
    "pivot": {
      "x": 0.5,
      "y": 0.5
    },
    "meshType": 0
  }
}