{
  "__type__": "cc.SpriteFrame",
  "content": {
    "name": "djg-1 22",
    "atlas": "",
    "rect": {
      "x": 8,
      "y": 8,
      "width": 77,
      "height": 77
    },
    "offset": {
      "x": 0,
      "y": 0
    },
    "originalSize": {
      "width": 93,
      "height": 93
    },
    "rotated": false,
    "capInsets": [
      0,
      0,
      0,
      0
    ],
    "vertices": {
      "rawPosition": [
        -38.5,
        -38.5,
        0,
        38.5,
        -38.5,
        0,
        -38.5,
        38.5,
        0,
        38.5,
        38.5,
        0
      ],
      "indexes": [
        0,
        1,
        2,
        2,
        1,
        3
      ],
      "uv": [
        8,
        85,
        85,
        85,
        8,
        8,
        85,
        8
      ],
      "nuv": [
        0.08602150537634409,
        0.08602150537634409,
        0.9139784946236559,
        0.08602150537634409,
        0.08602150537634409,
        0.9139784946236559,
        0.9139784946236559,
        0.9139784946236559
      ],
      "minPos": {
        "x": -38.5,
        "y": -38.5,
        "z": 0
      },
      "maxPos": {
        "x": 38.5,
        "y": 38.5,
        "z": 0
      }
    },
    "texture": "448bf730-78fd-4670-bb09-d946fad2a457@6c48a",
    "packable": true,
    "pixelsToUnit": 100,
    "pivot": {
      "x": 0.5,
      "y": 0.5
    },
    "meshType": 0
  }
}