{
  "__type__": "cc.SpriteFrame",
  "content": {
    "name": "s4",
    "atlas": "",
    "rect": {
      "x": 18,
      "y": 39,
      "width": 264,
      "height": 279
    },
    "offset": {
      "x": 5.5,
      "y": -12.5
    },
    "originalSize": {
      "width": 289,
      "height": 332
    },
    "rotated": false,
    "capInsets": [
      0,
      0,
      0,
      0
    ],
    "vertices": {
      "rawPosition": [
        -132,
        -139.5,
        0,
        132,
        -139.5,
        0,
        -132,
        139.5,
        0,
        132,
        139.5,
        0
      ],
      "indexes": [
        0,
        1,
        2,
        2,
        1,
        3
      ],
      "uv": [
        18,
        293,
        282,
        293,
        18,
        14,
        282,
        14
      ],
      "nuv": [
        0.06228373702422145,
        0.04216867469879518,
        0.9757785467128027,
        0.04216867469879518,
        0.06228373702422145,
        0.8825301204819277,
        0.9757785467128027,
        0.8825301204819277
      ],
      "minPos": {
        "x": -132,
        "y": -139.5,
        "z": 0
      },
      "maxPos": {
        "x": 132,
        "y": 139.5,
        "z": 0
      }
    },
    "texture": "e136eaae-851d-4c82-88a8-07bc2f7d66c3@6c48a",
    "packable": true,
    "pixelsToUnit": 100,
    "pivot": {
      "x": 0.5,
      "y": 0.5
    },
    "meshType": 0
  }
}