{
  "__type__": "cc.SpriteFrame",
  "content": {
    "name": "sd-huang-1 03",
    "atlas": "",
    "rect": {
      "x": 0,
      "y": 22,
      "width": 245,
      "height": 584
    },
    "offset": {
      "x": 0,
      "y": 1
    },
    "originalSize": {
      "width": 245,
      "height": 630
    },
    "rotated": false,
    "capInsets": [
      0,
      0,
      0,
      0
    ],
    "vertices": {
      "rawPosition": [
        -122.5,
        -292,
        0,
        122.5,
        -292,
        0,
        -122.5,
        292,
        0,
        122.5,
        292,
        0
      ],
      "indexes": [
        0,
        1,
        2,
        2,
        1,
        3
      ],
      "uv": [
        0,
        608,
        245,
        608,
        0,
        24,
        245,
        24
      ],
      "nuv": [
        0,
        0.0380952380952381,
        1,
        0.0380952380952381,
        0,
        0.9650793650793651,
        1,
        0.9650793650793651
      ],
      "minPos": {
        "x": -122.5,
        "y": -292,
        "z": 0
      },
      "maxPos": {
        "x": 122.5,
        "y": 292,
        "z": 0
      }
    },
    "texture": "b844b469-2c96-4a91-8f81-9e07b8730326@6c48a",
    "packable": true,
    "pixelsToUnit": 100,
    "pivot": {
      "x": 0.5,
      "y": 0.5
    },
    "meshType": 0
  }
}