{
  "__type__": "cc.SpriteFrame",
  "content": {
    "name": "dog-b_12",
    "atlas": "",
    "rect": {
      "x": 1,
      "y": 0,
      "width": 52,
      "height": 56
    },
    "offset": {
      "x": 0,
      "y": 0
    },
    "originalSize": {
      "width": 54,
      "height": 56
    },
    "rotated": false,
    "capInsets": [
      0,
      0,
      0,
      0
    ],
    "vertices": {
      "rawPosition": [
        -26,
        -28,
        0,
        26,
        -28,
        0,
        -26,
        28,
        0,
        26,
        28,
        0
      ],
      "indexes": [
        0,
        1,
        2,
        2,
        1,
        3
      ],
      "uv": [
        1,
        56,
        53,
        56,
        1,
        0,
        53,
        0
      ],
      "nuv": [
        0.018518518518518517,
        0,
        0.9814814814814815,
        0,
        0.018518518518518517,
        1,
        0.9814814814814815,
        1
      ],
      "minPos": {
        "x": -26,
        "y": -28,
        "z": 0
      },
      "maxPos": {
        "x": 26,
        "y": 28,
        "z": 0
      }
    },
    "texture": "b8703f9d-48d9-43ac-9a17-ec57531ad269@6c48a",
    "packable": true,
    "pixelsToUnit": 100,
    "pivot": {
      "x": 0.5,
      "y": 0.5
    },
    "meshType": 0
  }
}