{
  "__type__": "cc.SpriteFrame",
  "content": {
    "name": "die3",
    "atlas": "",
    "rect": {
      "x": 4,
      "y": 6,
      "width": 50,
      "height": 44
    },
    "offset": {
      "x": 2,
      "y": 0
    },
    "originalSize": {
      "width": 54,
      "height": 56
    },
    "rotated": false,
    "capInsets": [
      0,
      0,
      0,
      0
    ],
    "vertices": {
      "rawPosition": [
        -25,
        -22,
        0,
        25,
        -22,
        0,
        -25,
        22,
        0,
        25,
        22,
        0
      ],
      "indexes": [
        0,
        1,
        2,
        2,
        1,
        3
      ],
      "uv": [
        4,
        50,
        54,
        50,
        4,
        6,
        54,
        6
      ],
      "nuv": [
        0.07407407407407407,
        0.10714285714285714,
        1,
        0.10714285714285714,
        0.07407407407407407,
        0.8928571428571429,
        1,
        0.8928571428571429
      ],
      "minPos": {
        "x": -25,
        "y": -22,
        "z": 0
      },
      "maxPos": {
        "x": 25,
        "y": 22,
        "z": 0
      }
    },
    "texture": "b8d25d64-a668-4b72-b836-07e481651359@6c48a",
    "packable": true,
    "pixelsToUnit": 100,
    "pivot": {
      "x": 0.5,
      "y": 0.5
    },
    "meshType": 0
  }
}