{
  "__type__": "cc.SpriteFrame",
  "content": {
    "name": "mifeng-b 2",
    "atlas": "",
    "rect": {
      "x": 2,
      "y": 9,
      "width": 63,
      "height": 60
    },
    "offset": {
      "x": -4.5,
      "y": -4
    },
    "originalSize": {
      "width": 76,
      "height": 70
    },
    "rotated": false,
    "capInsets": [
      0,
      0,
      0,
      0
    ],
    "vertices": {
      "rawPosition": [
        -31.5,
        -30,
        0,
        31.5,
        -30,
        0,
        -31.5,
        30,
        0,
        31.5,
        30,
        0
      ],
      "indexes": [
        0,
        1,
        2,
        2,
        1,
        3
      ],
      "uv": [
        2,
        61,
        65,
        61,
        2,
        1,
        65,
        1
      ],
      "nuv": [
        0.02631578947368421,
        0.014285714285714285,
        0.8552631578947368,
        0.014285714285714285,
        0.02631578947368421,
        0.8714285714285714,
        0.8552631578947368,
        0.8714285714285714
      ],
      "minPos": {
        "x": -31.5,
        "y": -30,
        "z": 0
      },
      "maxPos": {
        "x": 31.5,
        "y": 30,
        "z": 0
      }
    },
    "texture": "b8ddc64b-170d-4962-81f3-c72443ee348d@6c48a",
    "packable": true,
    "pixelsToUnit": 100,
    "pivot": {
      "x": 0.5,
      "y": 0.5
    },
    "meshType": 0
  }
}