{
  "__type__": "cc.SpriteFrame",
  "content": {
    "name": "ui_szd",
    "atlas": "",
    "rect": {
      "x": 0,
      "y": 1,
      "width": 123,
      "height": 84
    },
    "offset": {
      "x": -7,
      "y": 0.5
    },
    "originalSize": {
      "width": 137,
      "height": 87
    },
    "rotated": false,
    "capInsets": [
      0,
      0,
      0,
      0
    ],
    "vertices": {
      "rawPosition": [
        -61.5,
        -42,
        0,
        61.5,
        -42,
        0,
        -61.5,
        42,
        0,
        61.5,
        42,
        0
      ],
      "indexes": [
        0,
        1,
        2,
        2,
        1,
        3
      ],
      "uv": [
        0,
        86,
        123,
        86,
        0,
        2,
        123,
        2
      ],
      "nuv": [
        0,
        0.022988505747126436,
        0.8978102189781022,
        0.022988505747126436,
        0,
        0.9885057471264368,
        0.8978102189781022,
        0.9885057471264368
      ],
      "minPos": {
        "x": -61.5,
        "y": -42,
        "z": 0
      },
      "maxPos": {
        "x": 61.5,
        "y": 42,
        "z": 0
      }
    },
    "texture": "d0966fe4-31e1-425d-8146-a36cfa665694@6c48a",
    "packable": true,
    "pixelsToUnit": 100,
    "pivot": {
      "x": 0.5,
      "y": 0.5
    },
    "meshType": 0
  }
}