{
  "__type__": "cc.SpriteFrame",
  "content": {
    "name": "jqr-green 03",
    "atlas": "",
    "rect": {
      "x": 12,
      "y": 6,
      "width": 150,
      "height": 196
    },
    "offset": {
      "x": -1.5,
      "y": -2.5
    },
    "originalSize": {
      "width": 177,
      "height": 203
    },
    "rotated": false,
    "capInsets": [
      0,
      0,
      0,
      0
    ],
    "vertices": {
      "rawPosition": [
        -75,
        -98,
        0,
        75,
        -98,
        0,
        -75,
        98,
        0,
        75,
        98,
        0
      ],
      "indexes": [
        0,
        1,
        2,
        2,
        1,
        3
      ],
      "uv": [
        12,
        197,
        162,
        197,
        12,
        1,
        162,
        1
      ],
      "nuv": [
        0.06779661016949153,
        0.0049261083743842365,
        0.9152542372881356,
        0.0049261083743842365,
        0.06779661016949153,
        0.9704433497536946,
        0.9152542372881356,
        0.9704433497536946
      ],
      "minPos": {
        "x": -75,
        "y": -98,
        "z": 0
      },
      "maxPos": {
        "x": 75,
        "y": 98,
        "z": 0
      }
    },
    "texture": "0198f403-4c8c-4d63-932d-c77768e85305@6c48a",
    "packable": true,
    "pixelsToUnit": 100,
    "pivot": {
      "x": 0.5,
      "y": 0.5
    },
    "meshType": 0
  }
}