{
  "__type__": "cc.SpriteFrame",
  "content": {
    "name": "ww7",
    "atlas": "",
    "rect": {
      "x": 1,
      "y": 4,
      "width": 171,
      "height": 128
    },
    "offset": {
      "x": 0.5,
      "y": -2
    },
    "originalSize": {
      "width": 172,
      "height": 132
    },
    "rotated": false,
    "capInsets": [
      0,
      0,
      0,
      0
    ],
    "vertices": {
      "rawPosition": [
        -85.5,
        -64,
        0,
        85.5,
        -64,
        0,
        -85.5,
        64,
        0,
        85.5,
        64,
        0
      ],
      "indexes": [
        0,
        1,
        2,
        2,
        1,
        3
      ],
      "uv": [
        1,
        128,
        172,
        128,
        1,
        0,
        172,
        0
      ],
      "nuv": [
        0.005813953488372093,
        0,
        1,
        0,
        0.005813953488372093,
        0.9696969696969697,
        1,
        0.9696969696969697
      ],
      "minPos": {
        "x": -85.5,
        "y": -64,
        "z": 0
      },
      "maxPos": {
        "x": 85.5,
        "y": 64,
        "z": 0
      }
    },
    "texture": "da6ebf91-0298-4d48-b3c6-0171ff3a5ed0@6c48a",
    "packable": true,
    "pixelsToUnit": 100,
    "pivot": {
      "x": 0.5,
      "y": 0.5
    },
    "meshType": 0
  }
}