{
  "__type__": "cc.SpriteFrame",
  "content": {
    "name": "zhizhu-c2 2",
    "atlas": "",
    "rect": {
      "x": 3,
      "y": 4,
      "width": 56,
      "height": 57
    },
    "offset": {
      "x": 0,
      "y": -1.5
    },
    "originalSize": {
      "width": 62,
      "height": 62
    },
    "rotated": false,
    "capInsets": [
      0,
      0,
      0,
      0
    ],
    "vertices": {
      "rawPosition": [
        -28,
        -28.5,
        0,
        28,
        -28.5,
        0,
        -28,
        28.5,
        0,
        28,
        28.5,
        0
      ],
      "indexes": [
        0,
        1,
        2,
        2,
        1,
        3
      ],
      "uv": [
        3,
        58,
        59,
        58,
        3,
        1,
        59,
        1
      ],
      "nuv": [
        0.04838709677419355,
        0.016129032258064516,
        0.9516129032258065,
        0.016129032258064516,
        0.04838709677419355,
        0.9354838709677419,
        0.9516129032258065,
        0.9354838709677419
      ],
      "minPos": {
        "x": -28,
        "y": -28.5,
        "z": 0
      },
      "maxPos": {
        "x": 28,
        "y": 28.5,
        "z": 0
      }
    },
    "texture": "0fe3c7cb-0692-475b-9977-595f29391ef2@6c48a",
    "packable": true,
    "pixelsToUnit": 100,
    "pivot": {
      "x": 0.5,
      "y": 0.5
    },
    "meshType": 0
  }
}