{
  "__type__": "cc.SpriteFrame",
  "content": {
    "name": "xing-animation 10",
    "atlas": "",
    "rect": {
      "x": 181,
      "y": 23,
      "width": 381,
      "height": 95
    },
    "offset": {
      "x": 70,
      "y": -8
    },
    "originalSize": {
      "width": 603,
      "height": 125
    },
    "rotated": false,
    "capInsets": [
      0,
      0,
      0,
      0
    ],
    "vertices": {
      "rawPosition": [
        -190.5,
        -47.5,
        0,
        190.5,
        -47.5,
        0,
        -190.5,
        47.5,
        0,
        190.5,
        47.5,
        0
      ],
      "indexes": [
        0,
        1,
        2,
        2,
        1,
        3
      ],
      "uv": [
        181,
        102,
        562,
        102,
        181,
        7,
        562,
        7
      ],
      "nuv": [
        0.30016583747927034,
        0.056,
        0.9320066334991708,
        0.056,
        0.30016583747927034,
        0.816,
        0.9320066334991708,
        0.816
      ],
      "minPos": {
        "x": -190.5,
        "y": -47.5,
        "z": 0
      },
      "maxPos": {
        "x": 190.5,
        "y": 47.5,
        "z": 0
      }
    },
    "texture": "b6b18d16-014f-437d-9443-2cd0b4e83344@6c48a",
    "packable": true,
    "pixelsToUnit": 100,
    "pivot": {
      "x": 0.5,
      "y": 0.5
    },
    "meshType": 0
  }
}