{
  "__type__": "cc.SpriteFrame",
  "content": {
    "name": "djg-1 03",
    "atlas": "",
    "rect": {
      "x": 38,
      "y": 39,
      "width": 16,
      "height": 16
    },
    "offset": {
      "x": -0.5,
      "y": -0.5
    },
    "originalSize": {
      "width": 93,
      "height": 93
    },
    "rotated": false,
    "capInsets": [
      0,
      0,
      0,
      0
    ],
    "vertices": {
      "rawPosition": [
        -8,
        -8,
        0,
        8,
        -8,
        0,
        -8,
        8,
        0,
        8,
        8,
        0
      ],
      "indexes": [
        0,
        1,
        2,
        2,
        1,
        3
      ],
      "uv": [
        38,
        54,
        54,
        54,
        38,
        38,
        54,
        38
      ],
      "nuv": [
        0.40860215053763443,
        0.40860215053763443,
        0.5806451612903226,
        0.40860215053763443,
        0.40860215053763443,
        0.5806451612903226,
        0.5806451612903226,
        0.5806451612903226
      ],
      "minPos": {
        "x": -8,
        "y": -8,
        "z": 0
      },
      "maxPos": {
        "x": 8,
        "y": 8,
        "z": 0
      }
    },
    "texture": "a7d6f086-2c76-4cfa-bd86-fde80fce7059@6c48a",
    "packable": true,
    "pixelsToUnit": 100,
    "pivot": {
      "x": 0.5,
      "y": 0.5
    },
    "meshType": 0
  }
}