{
  "__type__": "cc.SpriteFrame",
  "content": {
    "name": "ui_guess",
    "atlas": "",
    "rect": {
      "x": 7,
      "y": 16,
      "width": 85,
      "height": 73
    },
    "offset": {
      "x": 3,
      "y": -6
    },
    "originalSize": {
      "width": 93,
      "height": 93
    },
    "rotated": false,
    "capInsets": [
      0,
      0,
      0,
      0
    ],
    "vertices": {
      "rawPosition": [
        -42.5,
        -36.5,
        0,
        42.5,
        -36.5,
        0,
        -42.5,
        36.5,
        0,
        42.5,
        36.5,
        0
      ],
      "indexes": [
        0,
        1,
        2,
        2,
        1,
        3
      ],
      "uv": [
        7,
        77,
        92,
        77,
        7,
        4,
        92,
        4
      ],
      "nuv": [
        0.07526881720430108,
        0.043010752688172046,
        0.989247311827957,
        0.043010752688172046,
        0.07526881720430108,
        0.8279569892473119,
        0.989247311827957,
        0.8279569892473119
      ],
      "minPos": {
        "x": -42.5,
        "y": -36.5,
        "z": 0
      },
      "maxPos": {
        "x": 42.5,
        "y": 36.5,
        "z": 0
      }
    },
    "texture": "9628cf5f-f9b9-468f-a709-1bb020c95184@6c48a",
    "packable": true,
    "pixelsToUnit": 100,
    "pivot": {
      "x": 0.5,
      "y": 0.5
    },
    "meshType": 0
  }
}