{
  "__type__": "cc.SpriteFrame",
  "content": {
    "name": "ruchong-b_00",
    "atlas": "",
    "rect": {
      "x": 2,
      "y": 5,
      "width": 47,
      "height": 44
    },
    "offset": {
      "x": 0.5,
      "y": -2.5
    },
    "originalSize": {
      "width": 50,
      "height": 49
    },
    "rotated": false,
    "capInsets": [
      0,
      0,
      0,
      0
    ],
    "vertices": {
      "rawPosition": [
        -23.5,
        -22,
        0,
        23.5,
        -22,
        0,
        -23.5,
        22,
        0,
        23.5,
        22,
        0
      ],
      "indexes": [
        0,
        1,
        2,
        2,
        1,
        3
      ],
      "uv": [
        2,
        44,
        49,
        44,
        2,
        0,
        49,
        0
      ],
      "nuv": [
        0.04,
        0,
        0.98,
        0,
        0.04,
        0.8979591836734694,
        0.98,
        0.8979591836734694
      ],
      "minPos": {
        "x": -23.5,
        "y": -22,
        "z": 0
      },
      "maxPos": {
        "x": 23.5,
        "y": 22,
        "z": 0
      }
    },
    "texture": "3cd905fd-0139-4219-9d7c-f5916880ae1d@6c48a",
    "packable": true,
    "pixelsToUnit": 100,
    "pivot": {
      "x": 0.5,
      "y": 0.5
    },
    "meshType": 0
  }
}