{
  "__type__": "cc.SpriteFrame",
  "content": {
    "name": "s2",
    "atlas": "",
    "rect": {
      "x": 11,
      "y": 11,
      "width": 60,
      "height": 62
    },
    "offset": {
      "x": -0.5,
      "y": 0
    },
    "originalSize": {
      "width": 83,
      "height": 84
    },
    "rotated": false,
    "capInsets": [
      0,
      0,
      0,
      0
    ],
    "vertices": {
      "rawPosition": [
        -30,
        -31,
        0,
        30,
        -31,
        0,
        -30,
        31,
        0,
        30,
        31,
        0
      ],
      "indexes": [
        0,
        1,
        2,
        2,
        1,
        3
      ],
      "uv": [
        11,
        73,
        71,
        73,
        11,
        11,
        71,
        11
      ],
      "nuv": [
        0.13253012048192772,
        0.13095238095238096,
        0.8554216867469879,
        0.13095238095238096,
        0.13253012048192772,
        0.8690476190476191,
        0.8554216867469879,
        0.8690476190476191
      ],
      "minPos": {
        "x": -30,
        "y": -31,
        "z": 0
      },
      "maxPos": {
        "x": 30,
        "y": 31,
        "z": 0
      }
    },
    "texture": "5e876882-9732-4c26-b627-482a29f91c4e@6c48a",
    "packable": true,
    "pixelsToUnit": 100,
    "pivot": {
      "x": 0.5,
      "y": 0.5
    },
    "meshType": 0
  }
}