{
  "__type__": "cc.SpriteFrame",
  "content": {
    "name": "die2",
    "atlas": "",
    "rect": {
      "x": 2,
      "y": 2,
      "width": 48,
      "height": 46
    },
    "offset": {
      "x": 1,
      "y": -0.5
    },
    "originalSize": {
      "width": 50,
      "height": 49
    },
    "rotated": false,
    "capInsets": [
      0,
      0,
      0,
      0
    ],
    "vertices": {
      "rawPosition": [
        -24,
        -23,
        0,
        24,
        -23,
        0,
        -24,
        23,
        0,
        24,
        23,
        0
      ],
      "indexes": [
        0,
        1,
        2,
        2,
        1,
        3
      ],
      "uv": [
        2,
        47,
        50,
        47,
        2,
        1,
        50,
        1
      ],
      "nuv": [
        0.04,
        0.02040816326530612,
        1,
        0.02040816326530612,
        0.04,
        0.9591836734693877,
        1,
        0.9591836734693877
      ],
      "minPos": {
        "x": -24,
        "y": -23,
        "z": 0
      },
      "maxPos": {
        "x": 24,
        "y": 23,
        "z": 0
      }
    },
    "texture": "838ad7a0-2d88-43ac-ad6d-9c8ea5cb11cf@6c48a",
    "packable": true,
    "pixelsToUnit": 100,
    "pivot": {
      "x": 0.5,
      "y": 0.5
    },
    "meshType": 0
  }
}