{
  "__type__": "cc.SpriteFrame",
  "content": {
    "name": "pata",
    "atlas": "",
    "rect": {
      "x": 2,
      "y": 2,
      "width": 1987,
      "height": 2044
    },
    "offset": {
      "x": -28.5,
      "y": 0
    },
    "originalSize": {
      "width": 2048,
      "height": 2048
    },
    "rotated": false,
    "capInsets": [
      0,
      0,
      0,
      0
    ],
    "vertices": {
      "rawPosition": [
        -993.5,
        -1022,
        0,
        993.5,
        -1022,
        0,
        -993.5,
        1022,
        0,
        993.5,
        1022,
        0
      ],
      "indexes": [
        0,
        1,
        2,
        2,
        1,
        3
      ],
      "uv": [
        2,
        2046,
        1989,
        2046,
        2,
        2,
        1989,
        2
      ],
      "nuv": [
        0.0009765625,
        0.0009765625,
        0.97119140625,
        0.0009765625,
        0.0009765625,
        0.9990234375,
        0.97119140625,
        0.9990234375
      ],
      "minPos": {
        "x": -993.5,
        "y": -1022,
        "z": 0
      },
      "maxPos": {
        "x": 993.5,
        "y": 1022,
        "z": 0
      }
    },
    "texture": "83cb8bbd-858c-47ad-be4e-f65864f24d4e@6c48a",
    "packable": true,
    "pixelsToUnit": 100,
    "pivot": {
      "x": 0.5,
      "y": 0.5
    },
    "meshType": 0
  }
}