{
  "__type__": "cc.SpriteFrame",
  "content": {
    "name": "dog-a_04",
    "atlas": "",
    "rect": {
      "x": 4,
      "y": 7,
      "width": 47,
      "height": 49
    },
    "offset": {
      "x": 0.5,
      "y": -3.5
    },
    "originalSize": {
      "width": 54,
      "height": 56
    },
    "rotated": false,
    "capInsets": [
      0,
      0,
      0,
      0
    ],
    "vertices": {
      "rawPosition": [
        -23.5,
        -24.5,
        0,
        23.5,
        -24.5,
        0,
        -23.5,
        24.5,
        0,
        23.5,
        24.5,
        0
      ],
      "indexes": [
        0,
        1,
        2,
        2,
        1,
        3
      ],
      "uv": [
        4,
        49,
        51,
        49,
        4,
        0,
        51,
        0
      ],
      "nuv": [
        0.07407407407407407,
        0,
        0.9444444444444444,
        0,
        0.07407407407407407,
        0.875,
        0.9444444444444444,
        0.875
      ],
      "minPos": {
        "x": -23.5,
        "y": -24.5,
        "z": 0
      },
      "maxPos": {
        "x": 23.5,
        "y": 24.5,
        "z": 0
      }
    },
    "texture": "83e2518d-a25c-43a2-8384-5f7a75188fe9@6c48a",
    "packable": true,
    "pixelsToUnit": 100,
    "pivot": {
      "x": 0.5,
      "y": 0.5
    },
    "meshType": 0
  }
}