{
  "__type__": "cc.SpriteFrame",
  "content": {
    "name": "xing-animation 11",
    "atlas": "",
    "rect": {
      "x": 49,
      "y": 19,
      "width": 513,
      "height": 81
    },
    "offset": {
      "x": 4,
      "y": 3
    },
    "originalSize": {
      "width": 603,
      "height": 125
    },
    "rotated": false,
    "capInsets": [
      0,
      0,
      0,
      0
    ],
    "vertices": {
      "rawPosition": [
        -256.5,
        -40.5,
        0,
        256.5,
        -40.5,
        0,
        -256.5,
        40.5,
        0,
        256.5,
        40.5,
        0
      ],
      "indexes": [
        0,
        1,
        2,
        2,
        1,
        3
      ],
      "uv": [
        49,
        106,
        562,
        106,
        49,
        25,
        562,
        25
      ],
      "nuv": [
        0.0812603648424544,
        0.2,
        0.9320066334991708,
        0.2,
        0.0812603648424544,
        0.848,
        0.9320066334991708,
        0.848
      ],
      "minPos": {
        "x": -256.5,
        "y": -40.5,
        "z": 0
      },
      "maxPos": {
        "x": 256.5,
        "y": 40.5,
        "z": 0
      }
    },
    "texture": "403bdd12-1184-45f0-9684-fc5cd1e78d4e@6c48a",
    "packable": true,
    "pixelsToUnit": 100,
    "pivot": {
      "x": 0.5,
      "y": 0.5
    },
    "meshType": 0
  }
}