{
  "__type__": "cc.SpriteFrame",
  "content": {
    "name": "xing-animation 01",
    "atlas": "",
    "rect": {
      "x": 479,
      "y": 38,
      "width": 83,
      "height": 47
    },
    "offset": {
      "x": 219,
      "y": 1
    },
    "originalSize": {
      "width": 603,
      "height": 125
    },
    "rotated": false,
    "capInsets": [
      0,
      0,
      0,
      0
    ],
    "vertices": {
      "rawPosition": [
        -41.5,
        -23.5,
        0,
        41.5,
        -23.5,
        0,
        -41.5,
        23.5,
        0,
        41.5,
        23.5,
        0
      ],
      "indexes": [
        0,
        1,
        2,
        2,
        1,
        3
      ],
      "uv": [
        479,
        87,
        562,
        87,
        479,
        40,
        562,
        40
      ],
      "nuv": [
        0.7943615257048093,
        0.32,
        0.9320066334991708,
        0.32,
        0.7943615257048093,
        0.696,
        0.9320066334991708,
        0.696
      ],
      "minPos": {
        "x": -41.5,
        "y": -23.5,
        "z": 0
      },
      "maxPos": {
        "x": 41.5,
        "y": 23.5,
        "z": 0
      }
    },
    "texture": "0c6959bf-b7db-49c4-bc9c-6142d17388ff@6c48a",
    "packable": true,
    "pixelsToUnit": 100,
    "pivot": {
      "x": 0.5,
      "y": 0.5
    },
    "meshType": 0
  }
}