{
  "__type__": "cc.SpriteFrame",
  "content": {
    "name": "skin1",
    "atlas": "",
    "rect": {
      "x": 5,
      "y": 66,
      "width": 105,
      "height": 193
    },
    "offset": {
      "x": -0.5,
      "y": -31
    },
    "originalSize": {
      "width": 116,
      "height": 263
    },
    "rotated": false,
    "capInsets": [
      0,
      0,
      0,
      0
    ],
    "vertices": {
      "rawPosition": [
        -52.5,
        -96.5,
        0,
        52.5,
        -96.5,
        0,
        -52.5,
        96.5,
        0,
        52.5,
        96.5,
        0
      ],
      "indexes": [
        0,
        1,
        2,
        2,
        1,
        3
      ],
      "uv": [
        5,
        197,
        110,
        197,
        5,
        4,
        110,
        4
      ],
      "nuv": [
        0.04310344827586207,
        0.015209125475285171,
        0.9482758620689655,
        0.015209125475285171,
        0.04310344827586207,
        0.7490494296577946,
        0.9482758620689655,
        0.7490494296577946
      ],
      "minPos": {
        "x": -52.5,
        "y": -96.5,
        "z": 0
      },
      "maxPos": {
        "x": 52.5,
        "y": 96.5,
        "z": 0
      }
    },
    "texture": "4e652de7-0c50-4525-8ab5-ade989effd09@6c48a",
    "packable": true,
    "pixelsToUnit": 100,
    "pivot": {
      "x": 0.5,
      "y": 0.5
    },
    "meshType": 0
  }
}