{
  "__type__": "cc.SpriteFrame",
  "content": {
    "name": "bullet6",
    "atlas": "",
    "rect": {
      "x": 7,
      "y": 10,
      "width": 93,
      "height": 88
    },
    "offset": {
      "x": -0.5,
      "y": 0
    },
    "originalSize": {
      "width": 108,
      "height": 108
    },
    "rotated": false,
    "capInsets": [
      0,
      0,
      0,
      0
    ],
    "vertices": {
      "rawPosition": [
        -46.5,
        -44,
        0,
        46.5,
        -44,
        0,
        -46.5,
        44,
        0,
        46.5,
        44,
        0
      ],
      "indexes": [
        0,
        1,
        2,
        2,
        1,
        3
      ],
      "uv": [
        7,
        98,
        100,
        98,
        7,
        10,
        100,
        10
      ],
      "nuv": [
        0.06481481481481481,
        0.09259259259259259,
        0.9259259259259259,
        0.09259259259259259,
        0.06481481481481481,
        0.9074074074074074,
        0.9259259259259259,
        0.9074074074074074
      ],
      "minPos": {
        "x": -46.5,
        "y": -44,
        "z": 0
      },
      "maxPos": {
        "x": 46.5,
        "y": 44,
        "z": 0
      }
    },
    "texture": "5a3b691b-2e7f-44a2-a26f-39eff23c4360@6c48a",
    "packable": true,
    "pixelsToUnit": 100,
    "pivot": {
      "x": 0.5,
      "y": 0.5
    },
    "meshType": 0
  }
}