{
  "__type__": "cc.SpriteFrame",
  "content": {
    "name": "die1",
    "atlas": "",
    "rect": {
      "x": 0,
      "y": 1,
      "width": 50,
      "height": 47
    },
    "offset": {
      "x": 0,
      "y": 0
    },
    "originalSize": {
      "width": 50,
      "height": 49
    },
    "rotated": false,
    "capInsets": [
      0,
      0,
      0,
      0
    ],
    "vertices": {
      "rawPosition": [
        -25,
        -23.5,
        0,
        25,
        -23.5,
        0,
        -25,
        23.5,
        0,
        25,
        23.5,
        0
      ],
      "indexes": [
        0,
        1,
        2,
        2,
        1,
        3
      ],
      "uv": [
        0,
        48,
        50,
        48,
        0,
        1,
        50,
        1
      ],
      "nuv": [
        0,
        0.02040816326530612,
        1,
        0.02040816326530612,
        0,
        0.9795918367346939,
        1,
        0.9795918367346939
      ],
      "minPos": {
        "x": -25,
        "y": -23.5,
        "z": 0
      },
      "maxPos": {
        "x": 25,
        "y": 23.5,
        "z": 0
      }
    },
    "texture": "5affb720-0aec-4e72-9c2d-26bfacfddcbc@6c48a",
    "packable": true,
    "pixelsToUnit": 100,
    "pivot": {
      "x": 0.5,
      "y": 0.5
    },
    "meshType": 0
  }
}