{
  "__type__": "cc.SpriteFrame",
  "content": {
    "name": "sd-lv-1 11",
    "atlas": "",
    "rect": {
      "x": 40,
      "y": 7,
      "width": 169,
      "height": 623
    },
    "offset": {
      "x": 2,
      "y": -3.5
    },
    "originalSize": {
      "width": 245,
      "height": 630
    },
    "rotated": false,
    "capInsets": [
      0,
      0,
      0,
      0
    ],
    "vertices": {
      "rawPosition": [
        -84.5,
        -311.5,
        0,
        84.5,
        -311.5,
        0,
        -84.5,
        311.5,
        0,
        84.5,
        311.5,
        0
      ],
      "indexes": [
        0,
        1,
        2,
        2,
        1,
        3
      ],
      "uv": [
        40,
        623,
        209,
        623,
        40,
        0,
        209,
        0
      ],
      "nuv": [
        0.16326530612244897,
        0,
        0.8530612244897959,
        0,
        0.16326530612244897,
        0.9888888888888889,
        0.8530612244897959,
        0.9888888888888889
      ],
      "minPos": {
        "x": -84.5,
        "y": -311.5,
        "z": 0
      },
      "maxPos": {
        "x": 84.5,
        "y": 311.5,
        "z": 0
      }
    },
    "texture": "940bcd7b-a765-45ab-a09c-f35af8aba004@6c48a",
    "packable": true,
    "pixelsToUnit": 100,
    "pivot": {
      "x": 0.5,
      "y": 0.5
    },
    "meshType": 0
  }
}