{
  "__type__": "cc.SpriteFrame",
  "content": {
    "name": "huo-5 00",
    "atlas": "",
    "rect": {
      "x": 9,
      "y": 7,
      "width": 113,
      "height": 126
    },
    "offset": {
      "x": -1.5,
      "y": 1.5
    },
    "originalSize": {
      "width": 134,
      "height": 143
    },
    "rotated": false,
    "capInsets": [
      0,
      0,
      0,
      0
    ],
    "vertices": {
      "rawPosition": [
        -56.5,
        -63,
        0,
        56.5,
        -63,
        0,
        -56.5,
        63,
        0,
        56.5,
        63,
        0
      ],
      "indexes": [
        0,
        1,
        2,
        2,
        1,
        3
      ],
      "uv": [
        9,
        136,
        122,
        136,
        9,
        10,
        122,
        10
      ],
      "nuv": [
        0.06716417910447761,
        0.06993006993006994,
        0.9104477611940298,
        0.06993006993006994,
        0.06716417910447761,
        0.951048951048951,
        0.9104477611940298,
        0.951048951048951
      ],
      "minPos": {
        "x": -56.5,
        "y": -63,
        "z": 0
      },
      "maxPos": {
        "x": 56.5,
        "y": 63,
        "z": 0
      }
    },
    "texture": "9438adfe-48ac-4cea-b74c-7cd7735265c3@6c48a",
    "packable": true,
    "pixelsToUnit": 100,
    "pivot": {
      "x": 0.5,
      "y": 0.5
    },
    "meshType": 0
  }
}