{
  "__type__": "cc.SpriteFrame",
  "content": {
    "name": "s3",
    "atlas": "",
    "rect": {
      "x": 4,
      "y": 4,
      "width": 75,
      "height": 76
    },
    "offset": {
      "x": 0,
      "y": 0
    },
    "originalSize": {
      "width": 83,
      "height": 84
    },
    "rotated": false,
    "capInsets": [
      0,
      0,
      0,
      0
    ],
    "vertices": {
      "rawPosition": [
        -37.5,
        -38,
        0,
        37.5,
        -38,
        0,
        -37.5,
        38,
        0,
        37.5,
        38,
        0
      ],
      "indexes": [
        0,
        1,
        2,
        2,
        1,
        3
      ],
      "uv": [
        4,
        80,
        79,
        80,
        4,
        4,
        79,
        4
      ],
      "nuv": [
        0.04819277108433735,
        0.047619047619047616,
        0.9518072289156626,
        0.047619047619047616,
        0.04819277108433735,
        0.9523809523809523,
        0.9518072289156626,
        0.9523809523809523
      ],
      "minPos": {
        "x": -37.5,
        "y": -38,
        "z": 0
      },
      "maxPos": {
        "x": 37.5,
        "y": 38,
        "z": 0
      }
    },
    "texture": "23e7e251-f585-4104-a64a-ccd0e7c3c1c9@6c48a",
    "packable": true,
    "pixelsToUnit": 100,
    "pivot": {
      "x": 0.5,
      "y": 0.5
    },
    "meshType": 0
  }
}