{
  "__type__": "cc.SpriteFrame",
  "content": {
    "name": "ui_hero",
    "atlas": "",
    "rect": {
      "x": 9,
      "y": 6,
      "width": 70,
      "height": 83
    },
    "offset": {
      "x": -2.5,
      "y": -1
    },
    "originalSize": {
      "width": 93,
      "height": 93
    },
    "rotated": false,
    "capInsets": [
      0,
      0,
      0,
      0
    ],
    "vertices": {
      "rawPosition": [
        -35,
        -41.5,
        0,
        35,
        -41.5,
        0,
        -35,
        41.5,
        0,
        35,
        41.5,
        0
      ],
      "indexes": [
        0,
        1,
        2,
        2,
        1,
        3
      ],
      "uv": [
        9,
        87,
        79,
        87,
        9,
        4,
        79,
        4
      ],
      "nuv": [
        0.0967741935483871,
        0.043010752688172046,
        0.8494623655913979,
        0.043010752688172046,
        0.0967741935483871,
        0.9354838709677419,
        0.8494623655913979,
        0.9354838709677419
      ],
      "minPos": {
        "x": -35,
        "y": -41.5,
        "z": 0
      },
      "maxPos": {
        "x": 35,
        "y": 41.5,
        "z": 0
      }
    },
    "texture": "c9a9881e-2404-4da7-9815-108b0fd40ea4@6c48a",
    "packable": true,
    "pixelsToUnit": 100,
    "pivot": {
      "x": 0.5,
      "y": 0.5
    },
    "meshType": 0
  }
}