{
  "__type__": "cc.SpriteFrame",
  "content": {
    "name": "zhizhu-c2 6",
    "atlas": "",
    "rect": {
      "x": 4,
      "y": 1,
      "width": 35,
      "height": 55
    },
    "offset": {
      "x": -9.5,
      "y": 2.5
    },
    "originalSize": {
      "width": 62,
      "height": 62
    },
    "rotated": false,
    "capInsets": [
      0,
      0,
      0,
      0
    ],
    "vertices": {
      "rawPosition": [
        -17.5,
        -27.5,
        0,
        17.5,
        -27.5,
        0,
        -17.5,
        27.5,
        0,
        17.5,
        27.5,
        0
      ],
      "indexes": [
        0,
        1,
        2,
        2,
        1,
        3
      ],
      "uv": [
        4,
        61,
        39,
        61,
        4,
        6,
        39,
        6
      ],
      "nuv": [
        0.06451612903225806,
        0.0967741935483871,
        0.6290322580645161,
        0.0967741935483871,
        0.06451612903225806,
        0.9838709677419355,
        0.6290322580645161,
        0.9838709677419355
      ],
      "minPos": {
        "x": -17.5,
        "y": -27.5,
        "z": 0
      },
      "maxPos": {
        "x": 17.5,
        "y": 27.5,
        "z": 0
      }
    },
    "texture": "d5152fac-f70f-4e43-a2f4-5e6b14ae8fc5@6c48a",
    "packable": true,
    "pixelsToUnit": 100,
    "pivot": {
      "x": 0.5,
      "y": 0.5
    },
    "meshType": 0
  }
}