{
  "__type__": "cc.SpriteFrame",
  "content": {
    "name": "4",
    "atlas": "",
    "rect": {
      "x": 7,
      "y": 0,
      "width": 42,
      "height": 32
    },
    "offset": {
      "x": 1,
      "y": 4.5
    },
    "originalSize": {
      "width": 54,
      "height": 41
    },
    "rotated": false,
    "capInsets": [
      0,
      0,
      0,
      0
    ],
    "vertices": {
      "rawPosition": [
        -21,
        -16,
        0,
        21,
        -16,
        0,
        -21,
        16,
        0,
        21,
        16,
        0
      ],
      "indexes": [
        0,
        1,
        2,
        2,
        1,
        3
      ],
      "uv": [
        7,
        41,
        49,
        41,
        7,
        9,
        49,
        9
      ],
      "nuv": [
        0.12962962962962962,
        0.21951219512195122,
        0.9074074074074074,
        0.21951219512195122,
        0.12962962962962962,
        1,
        0.9074074074074074,
        1
      ],
      "minPos": {
        "x": -21,
        "y": -16,
        "z": 0
      },
      "maxPos": {
        "x": 21,
        "y": 16,
        "z": 0
      }
    },
    "texture": "3d6ab3be-7598-4565-b25e-2dca5ff61ee5@6c48a",
    "packable": true,
    "pixelsToUnit": 100,
    "pivot": {
      "x": 0.5,
      "y": 0.5
    },
    "meshType": 0
  }
}