{
  "__type__": "cc.SpriteFrame",
  "content": {
    "name": "skeleton-animation2 07",
    "atlas": "",
    "rect": {
      "x": 19,
      "y": 20,
      "width": 256,
      "height": 91
    },
    "offset": {
      "x": 6,
      "y": -9
    },
    "originalSize": {
      "width": 282,
      "height": 113
    },
    "rotated": false,
    "capInsets": [
      0,
      0,
      0,
      0
    ],
    "vertices": {
      "rawPosition": [
        -128,
        -45.5,
        0,
        128,
        -45.5,
        0,
        -128,
        45.5,
        0,
        128,
        45.5,
        0
      ],
      "indexes": [
        0,
        1,
        2,
        2,
        1,
        3
      ],
      "uv": [
        19,
        93,
        275,
        93,
        19,
        2,
        275,
        2
      ],
      "nuv": [
        0.0673758865248227,
        0.017699115044247787,
        0.975177304964539,
        0.017699115044247787,
        0.0673758865248227,
        0.8230088495575221,
        0.975177304964539,
        0.8230088495575221
      ],
      "minPos": {
        "x": -128,
        "y": -45.5,
        "z": 0
      },
      "maxPos": {
        "x": 128,
        "y": 45.5,
        "z": 0
      }
    },
    "texture": "3dfe0d10-11e9-4d36-a126-db066e1b9218@6c48a",
    "packable": true,
    "pixelsToUnit": 100,
    "pivot": {
      "x": 0.5,
      "y": 0.5
    },
    "meshType": 0
  }
}