{
  "__type__": "cc.SpriteFrame",
  "content": {
    "name": "box2",
    "atlas": "",
    "rect": {
      "x": 6,
      "y": 0,
      "width": 61,
      "height": 64
    },
    "offset": {
      "x": 1.5,
      "y": 1.5
    },
    "originalSize": {
      "width": 70,
      "height": 67
    },
    "rotated": false,
    "capInsets": [
      0,
      0,
      0,
      0
    ],
    "vertices": {
      "rawPosition": [
        -30.5,
        -32,
        0,
        30.5,
        -32,
        0,
        -30.5,
        32,
        0,
        30.5,
        32,
        0
      ],
      "indexes": [
        0,
        1,
        2,
        2,
        1,
        3
      ],
      "uv": [
        6,
        67,
        67,
        67,
        6,
        3,
        67,
        3
      ],
      "nuv": [
        0.08571428571428572,
        0.04477611940298507,
        0.9571428571428572,
        0.04477611940298507,
        0.08571428571428572,
        1,
        0.9571428571428572,
        1
      ],
      "minPos": {
        "x": -30.5,
        "y": -32,
        "z": 0
      },
      "maxPos": {
        "x": 30.5,
        "y": 32,
        "z": 0
      }
    },
    "texture": "852f278e-6f39-426c-ad56-f83278a548cb@6c48a",
    "packable": true,
    "pixelsToUnit": 100,
    "pivot": {
      "x": 0.5,
      "y": 0.5
    },
    "meshType": 0
  }
}