{
  "__type__": "cc.SpriteFrame",
  "content": {
    "name": "dog-b_16",
    "atlas": "",
    "rect": {
      "x": 0,
      "y": 3,
      "width": 51,
      "height": 53
    },
    "offset": {
      "x": -1.5,
      "y": -1.5
    },
    "originalSize": {
      "width": 54,
      "height": 56
    },
    "rotated": false,
    "capInsets": [
      0,
      0,
      0,
      0
    ],
    "vertices": {
      "rawPosition": [
        -25.5,
        -26.5,
        0,
        25.5,
        -26.5,
        0,
        -25.5,
        26.5,
        0,
        25.5,
        26.5,
        0
      ],
      "indexes": [
        0,
        1,
        2,
        2,
        1,
        3
      ],
      "uv": [
        0,
        53,
        51,
        53,
        0,
        0,
        51,
        0
      ],
      "nuv": [
        0,
        0,
        0.9444444444444444,
        0,
        0,
        0.9464285714285714,
        0.9444444444444444,
        0.9464285714285714
      ],
      "minPos": {
        "x": -25.5,
        "y": -26.5,
        "z": 0
      },
      "maxPos": {
        "x": 25.5,
        "y": 26.5,
        "z": 0
      }
    },
    "texture": "70026609-00f9-4d0f-a87d-4287c47d1359@6c48a",
    "packable": true,
    "pixelsToUnit": 100,
    "pivot": {
      "x": 0.5,
      "y": 0.5
    },
    "meshType": 0
  }
}