{
  "__type__": "cc.SpriteFrame",
  "content": {
    "name": "tq",
    "atlas": "",
    "rect": {
      "x": 1,
      "y": 4,
      "width": 91,
      "height": 84
    },
    "offset": {
      "x": 0,
      "y": 0.5
    },
    "originalSize": {
      "width": 93,
      "height": 93
    },
    "rotated": false,
    "capInsets": [
      0,
      0,
      0,
      0
    ],
    "vertices": {
      "rawPosition": [
        -45.5,
        -42,
        0,
        45.5,
        -42,
        0,
        -45.5,
        42,
        0,
        45.5,
        42,
        0
      ],
      "indexes": [
        0,
        1,
        2,
        2,
        1,
        3
      ],
      "uv": [
        1,
        89,
        92,
        89,
        1,
        5,
        92,
        5
      ],
      "nuv": [
        0.010752688172043012,
        0.053763440860215055,
        0.989247311827957,
        0.053763440860215055,
        0.010752688172043012,
        0.956989247311828,
        0.989247311827957,
        0.956989247311828
      ],
      "minPos": {
        "x": -45.5,
        "y": -42,
        "z": 0
      },
      "maxPos": {
        "x": 45.5,
        "y": 42,
        "z": 0
      }
    },
    "texture": "4361e3f9-db90-421e-82c7-c15928e7c540@6c48a",
    "packable": true,
    "pixelsToUnit": 100,
    "pivot": {
      "x": 0.5,
      "y": 0.5
    },
    "meshType": 0
  }
}