{
  "__type__": "cc.SpriteFrame",
  "content": {
    "name": "qqa1",
    "atlas": "",
    "rect": {
      "x": 2,
      "y": 2,
      "width": 127,
      "height": 137
    },
    "offset": {
      "x": -1,
      "y": 0.5
    },
    "originalSize": {
      "width": 133,
      "height": 142
    },
    "rotated": false,
    "capInsets": [
      0,
      0,
      0,
      0
    ],
    "vertices": {
      "rawPosition": [
        -63.5,
        -68.5,
        0,
        63.5,
        -68.5,
        0,
        -63.5,
        68.5,
        0,
        63.5,
        68.5,
        0
      ],
      "indexes": [
        0,
        1,
        2,
        2,
        1,
        3
      ],
      "uv": [
        2,
        140,
        129,
        140,
        2,
        3,
        129,
        3
      ],
      "nuv": [
        0.015037593984962405,
        0.02112676056338028,
        0.9699248120300752,
        0.02112676056338028,
        0.015037593984962405,
        0.9859154929577465,
        0.9699248120300752,
        0.9859154929577465
      ],
      "minPos": {
        "x": -63.5,
        "y": -68.5,
        "z": 0
      },
      "maxPos": {
        "x": 63.5,
        "y": 68.5,
        "z": 0
      }
    },
    "texture": "6fae56b8-a230-4725-aabc-cb3acd249bf9@6c48a",
    "packable": true,
    "pixelsToUnit": 100,
    "pivot": {
      "x": 0.5,
      "y": 0.5
    },
    "meshType": 0
  }
}