{
  "__type__": "cc.SpriteFrame",
  "content": {
    "name": "qqa3",
    "atlas": "",
    "rect": {
      "x": 1,
      "y": 2,
      "width": 127,
      "height": 140
    },
    "offset": {
      "x": -2,
      "y": -1
    },
    "originalSize": {
      "width": 133,
      "height": 142
    },
    "rotated": false,
    "capInsets": [
      0,
      0,
      0,
      0
    ],
    "vertices": {
      "rawPosition": [
        -63.5,
        -70,
        0,
        63.5,
        -70,
        0,
        -63.5,
        70,
        0,
        63.5,
        70,
        0
      ],
      "indexes": [
        0,
        1,
        2,
        2,
        1,
        3
      ],
      "uv": [
        1,
        140,
        128,
        140,
        1,
        0,
        128,
        0
      ],
      "nuv": [
        0.007518796992481203,
        0,
        0.9624060150375939,
        0,
        0.007518796992481203,
        0.9859154929577465,
        0.9624060150375939,
        0.9859154929577465
      ],
      "minPos": {
        "x": -63.5,
        "y": -70,
        "z": 0
      },
      "maxPos": {
        "x": 63.5,
        "y": 70,
        "z": 0
      }
    },
    "texture": "c6262e32-94f5-49d9-a45e-43af406b85ab@6c48a",
    "packable": true,
    "pixelsToUnit": 100,
    "pivot": {
      "x": 0.5,
      "y": 0.5
    },
    "meshType": 0
  }
}