{
  "__type__": "cc.SpriteFrame",
  "content": {
    "name": "skeleton-3 08",
    "atlas": "",
    "rect": {
      "x": 2,
      "y": 0,
      "width": 234,
      "height": 227
    },
    "offset": {
      "x": -1,
      "y": 0.5
    },
    "originalSize": {
      "width": 240,
      "height": 228
    },
    "rotated": false,
    "capInsets": [
      0,
      0,
      0,
      0
    ],
    "vertices": {
      "rawPosition": [
        -117,
        -113.5,
        0,
        117,
        -113.5,
        0,
        -117,
        113.5,
        0,
        117,
        113.5,
        0
      ],
      "indexes": [
        0,
        1,
        2,
        2,
        1,
        3
      ],
      "uv": [
        2,
        228,
        236,
        228,
        2,
        1,
        236,
        1
      ],
      "nuv": [
        0.008333333333333333,
        0.0043859649122807015,
        0.9833333333333333,
        0.0043859649122807015,
        0.008333333333333333,
        1,
        0.9833333333333333,
        1
      ],
      "minPos": {
        "x": -117,
        "y": -113.5,
        "z": 0
      },
      "maxPos": {
        "x": 117,
        "y": 113.5,
        "z": 0
      }
    },
    "texture": "e6e76e0a-ea88-4d71-8eb0-1971dd71cd13@6c48a",
    "packable": true,
    "pixelsToUnit": 100,
    "pivot": {
      "x": 0.5,
      "y": 0.5
    },
    "meshType": 0
  }
}