{
  "__type__": "cc.SpriteFrame",
  "content": {
    "name": "zhizhu-b2 0",
    "atlas": "",
    "rect": {
      "x": 2,
      "y": 7,
      "width": 58,
      "height": 52
    },
    "offset": {
      "x": 0,
      "y": -1.5
    },
    "originalSize": {
      "width": 62,
      "height": 63
    },
    "rotated": false,
    "capInsets": [
      0,
      0,
      0,
      0
    ],
    "vertices": {
      "rawPosition": [
        -29,
        -26,
        0,
        29,
        -26,
        0,
        -29,
        26,
        0,
        29,
        26,
        0
      ],
      "indexes": [
        0,
        1,
        2,
        2,
        1,
        3
      ],
      "uv": [
        2,
        56,
        60,
        56,
        2,
        4,
        60,
        4
      ],
      "nuv": [
        0.03225806451612903,
        0.06349206349206349,
        0.967741935483871,
        0.06349206349206349,
        0.03225806451612903,
        0.8888888888888888,
        0.967741935483871,
        0.8888888888888888
      ],
      "minPos": {
        "x": -29,
        "y": -26,
        "z": 0
      },
      "maxPos": {
        "x": 29,
        "y": 26,
        "z": 0
      }
    },
    "texture": "6430b474-daf9-41f3-9814-76ded2c53bf1@6c48a",
    "packable": true,
    "pixelsToUnit": 100,
    "pivot": {
      "x": 0.5,
      "y": 0.5
    },
    "meshType": 0
  }
}