{
  "__type__": "cc.SpriteFrame",
  "content": {
    "name": "ruchong-b_08",
    "atlas": "",
    "rect": {
      "x": 3,
      "y": 2,
      "width": 43,
      "height": 47
    },
    "offset": {
      "x": -0.5,
      "y": -1
    },
    "originalSize": {
      "width": 50,
      "height": 49
    },
    "rotated": false,
    "capInsets": [
      0,
      0,
      0,
      0
    ],
    "vertices": {
      "rawPosition": [
        -21.5,
        -23.5,
        0,
        21.5,
        -23.5,
        0,
        -21.5,
        23.5,
        0,
        21.5,
        23.5,
        0
      ],
      "indexes": [
        0,
        1,
        2,
        2,
        1,
        3
      ],
      "uv": [
        3,
        47,
        46,
        47,
        3,
        0,
        46,
        0
      ],
      "nuv": [
        0.06,
        0,
        0.92,
        0,
        0.06,
        0.9591836734693877,
        0.92,
        0.9591836734693877
      ],
      "minPos": {
        "x": -21.5,
        "y": -23.5,
        "z": 0
      },
      "maxPos": {
        "x": 21.5,
        "y": 23.5,
        "z": 0
      }
    },
    "texture": "64b5b861-e92d-4bba-8059-5dcd53e92531@6c48a",
    "packable": true,
    "pixelsToUnit": 100,
    "pivot": {
      "x": 0.5,
      "y": 0.5
    },
    "meshType": 0
  }
}