{
  "__type__": "cc.SpriteFrame",
  "content": {
    "name": "bxLight",
    "atlas": "",
    "rect": {
      "x": 2,
      "y": 2,
      "width": 493,
      "height": 192
    },
    "offset": {
      "x": -7.5,
      "y": 30
    },
    "originalSize": {
      "width": 512,
      "height": 256
    },
    "rotated": false,
    "capInsets": [
      0,
      0,
      0,
      0
    ],
    "vertices": {
      "rawPosition": [
        -246.5,
        -96,
        0,
        246.5,
        -96,
        0,
        -246.5,
        96,
        0,
        246.5,
        96,
        0
      ],
      "indexes": [
        0,
        1,
        2,
        2,
        1,
        3
      ],
      "uv": [
        2,
        254,
        495,
        254,
        2,
        62,
        495,
        62
      ],
      "nuv": [
        0.00390625,
        0.2421875,
        0.966796875,
        0.2421875,
        0.00390625,
        0.9921875,
        0.966796875,
        0.9921875
      ],
      "minPos": {
        "x": -246.5,
        "y": -96,
        "z": 0
      },
      "maxPos": {
        "x": 246.5,
        "y": 96,
        "z": 0
      }
    },
    "texture": "d3f9702a-6c32-4a78-80df-d89743cf98ea@6c48a",
    "packable": true,
    "pixelsToUnit": 100,
    "pivot": {
      "x": 0.5,
      "y": 0.5
    },
    "meshType": 0
  }
}