{
  "__type__": "cc.SpriteFrame",
  "content": {
    "name": "weiji",
    "atlas": "",
    "rect": {
      "x": 2,
      "y": 2,
      "width": 1936,
      "height": 243
    },
    "offset": {
      "x": -54,
      "y": 4.5
    },
    "originalSize": {
      "width": 2048,
      "height": 256
    },
    "rotated": false,
    "capInsets": [
      0,
      0,
      0,
      0
    ],
    "vertices": {
      "rawPosition": [
        -968,
        -121.5,
        0,
        968,
        -121.5,
        0,
        -968,
        121.5,
        0,
        968,
        121.5,
        0
      ],
      "indexes": [
        0,
        1,
        2,
        2,
        1,
        3
      ],
      "uv": [
        2,
        254,
        1938,
        254,
        2,
        11,
        1938,
        11
      ],
      "nuv": [
        0.0009765625,
        0.04296875,
        0.9462890625,
        0.04296875,
        0.0009765625,
        0.9921875,
        0.9462890625,
        0.9921875
      ],
      "minPos": {
        "x": -968,
        "y": -121.5,
        "z": 0
      },
      "maxPos": {
        "x": 968,
        "y": 121.5,
        "z": 0
      }
    },
    "texture": "4a060377-c19f-41da-9b58-51a785999dcc@6c48a",
    "packable": true,
    "pixelsToUnit": 100,
    "pivot": {
      "x": 0.5,
      "y": 0.5
    },
    "meshType": 0
  }
}