{
  "__type__": "cc.SpriteFrame",
  "content": {
    "name": "skeleton-animation2 2",
    "atlas": "",
    "rect": {
      "x": 9,
      "y": 10,
      "width": 89,
      "height": 100
    },
    "offset": {
      "x": -0.5,
      "y": 0
    },
    "originalSize": {
      "width": 108,
      "height": 120
    },
    "rotated": false,
    "capInsets": [
      0,
      0,
      0,
      0
    ],
    "vertices": {
      "rawPosition": [
        -44.5,
        -50,
        0,
        44.5,
        -50,
        0,
        -44.5,
        50,
        0,
        44.5,
        50,
        0
      ],
      "indexes": [
        0,
        1,
        2,
        2,
        1,
        3
      ],
      "uv": [
        9,
        110,
        98,
        110,
        9,
        10,
        98,
        10
      ],
      "nuv": [
        0.08333333333333333,
        0.08333333333333333,
        0.9074074074074074,
        0.08333333333333333,
        0.08333333333333333,
        0.9166666666666666,
        0.9074074074074074,
        0.9166666666666666
      ],
      "minPos": {
        "x": -44.5,
        "y": -50,
        "z": 0
      },
      "maxPos": {
        "x": 44.5,
        "y": 50,
        "z": 0
      }
    },
    "texture": "f7f7e2ad-507e-44b5-a85b-b03216d70f76@6c48a",
    "packable": true,
    "pixelsToUnit": 100,
    "pivot": {
      "x": 0.5,
      "y": 0.5
    },
    "meshType": 0
  }
}