{
  "__type__": "cc.SpriteFrame",
  "content": {
    "name": "3",
    "atlas": "",
    "rect": {
      "x": 8,
      "y": 1,
      "width": 76,
      "height": 151
    },
    "offset": {
      "x": 4,
      "y": 0
    },
    "originalSize": {
      "width": 84,
      "height": 153
    },
    "rotated": false,
    "capInsets": [
      0,
      0,
      0,
      0
    ],
    "vertices": {
      "rawPosition": [
        -38,
        -75.5,
        0,
        38,
        -75.5,
        0,
        -38,
        75.5,
        0,
        38,
        75.5,
        0
      ],
      "indexes": [
        0,
        1,
        2,
        2,
        1,
        3
      ],
      "uv": [
        8,
        152,
        84,
        152,
        8,
        1,
        84,
        1
      ],
      "nuv": [
        0.09523809523809523,
        0.006535947712418301,
        1,
        0.006535947712418301,
        0.09523809523809523,
        0.9934640522875817,
        1,
        0.9934640522875817
      ],
      "minPos": {
        "x": -38,
        "y": -75.5,
        "z": 0
      },
      "maxPos": {
        "x": 38,
        "y": 75.5,
        "z": 0
      }
    },
    "texture": "8d640d7c-93cd-4310-ac05-2699ad669aff@6c48a",
    "packable": true,
    "pixelsToUnit": 100,
    "pivot": {
      "x": 0.5,
      "y": 0.5
    },
    "meshType": 0
  }
}