{
  "__type__": "cc.SpriteFrame",
  "content": {
    "name": "mifeng-b 3",
    "atlas": "",
    "rect": {
      "x": 1,
      "y": 6,
      "width": 62,
      "height": 62
    },
    "offset": {
      "x": -6,
      "y": -2
    },
    "originalSize": {
      "width": 76,
      "height": 70
    },
    "rotated": false,
    "capInsets": [
      0,
      0,
      0,
      0
    ],
    "vertices": {
      "rawPosition": [
        -31,
        -31,
        0,
        31,
        -31,
        0,
        -31,
        31,
        0,
        31,
        31,
        0
      ],
      "indexes": [
        0,
        1,
        2,
        2,
        1,
        3
      ],
      "uv": [
        1,
        64,
        63,
        64,
        1,
        2,
        63,
        2
      ],
      "nuv": [
        0.013157894736842105,
        0.02857142857142857,
        0.8289473684210527,
        0.02857142857142857,
        0.013157894736842105,
        0.9142857142857143,
        0.8289473684210527,
        0.9142857142857143
      ],
      "minPos": {
        "x": -31,
        "y": -31,
        "z": 0
      },
      "maxPos": {
        "x": 31,
        "y": 31,
        "z": 0
      }
    },
    "texture": "8d6af872-4497-4d7d-9be9-05fb0cb29e5a@6c48a",
    "packable": true,
    "pixelsToUnit": 100,
    "pivot": {
      "x": 0.5,
      "y": 0.5
    },
    "meshType": 0
  }
}