{
  "__type__": "cc.SpriteFrame",
  "content": {
    "name": "ww12",
    "atlas": "",
    "rect": {
      "x": 4,
      "y": 4,
      "width": 168,
      "height": 124
    },
    "offset": {
      "x": 2,
      "y": 0
    },
    "originalSize": {
      "width": 172,
      "height": 132
    },
    "rotated": false,
    "capInsets": [
      0,
      0,
      0,
      0
    ],
    "vertices": {
      "rawPosition": [
        -84,
        -62,
        0,
        84,
        -62,
        0,
        -84,
        62,
        0,
        84,
        62,
        0
      ],
      "indexes": [
        0,
        1,
        2,
        2,
        1,
        3
      ],
      "uv": [
        4,
        128,
        172,
        128,
        4,
        4,
        172,
        4
      ],
      "nuv": [
        0.023255813953488372,
        0.030303030303030304,
        1,
        0.030303030303030304,
        0.023255813953488372,
        0.9696969696969697,
        1,
        0.9696969696969697
      ],
      "minPos": {
        "x": -84,
        "y": -62,
        "z": 0
      },
      "maxPos": {
        "x": 84,
        "y": 62,
        "z": 0
      }
    },
    "texture": "04540734-c692-49d6-9b4a-bc52d1a28020@6c48a",
    "packable": true,
    "pixelsToUnit": 100,
    "pivot": {
      "x": 0.5,
      "y": 0.5
    },
    "meshType": 0
  }
}