{
  "__type__": "cc.SpriteFrame",
  "content": {
    "name": "die1",
    "atlas": "",
    "rect": {
      "x": 1,
      "y": 6,
      "width": 51,
      "height": 50
    },
    "offset": {
      "x": -0.5,
      "y": -3
    },
    "originalSize": {
      "width": 54,
      "height": 56
    },
    "rotated": false,
    "capInsets": [
      0,
      0,
      0,
      0
    ],
    "vertices": {
      "rawPosition": [
        -25.5,
        -25,
        0,
        25.5,
        -25,
        0,
        -25.5,
        25,
        0,
        25.5,
        25,
        0
      ],
      "indexes": [
        0,
        1,
        2,
        2,
        1,
        3
      ],
      "uv": [
        1,
        50,
        52,
        50,
        1,
        0,
        52,
        0
      ],
      "nuv": [
        0.018518518518518517,
        0,
        0.9629629629629629,
        0,
        0.018518518518518517,
        0.8928571428571429,
        0.9629629629629629,
        0.8928571428571429
      ],
      "minPos": {
        "x": -25.5,
        "y": -25,
        "z": 0
      },
      "maxPos": {
        "x": 25.5,
        "y": 25,
        "z": 0
      }
    },
    "texture": "04784ac6-101c-4fec-acce-5b04bc16b627@6c48a",
    "packable": true,
    "pixelsToUnit": 100,
    "pivot": {
      "x": 0.5,
      "y": 0.5
    },
    "meshType": 0
  }
}