{
  "__type__": "cc.SpriteFrame",
  "content": {
    "name": "ui_yjd",
    "atlas": "",
    "rect": {
      "x": 8,
      "y": 1,
      "width": 129,
      "height": 84
    },
    "offset": {
      "x": 4,
      "y": 0.5
    },
    "originalSize": {
      "width": 137,
      "height": 87
    },
    "rotated": false,
    "capInsets": [
      0,
      0,
      0,
      0
    ],
    "vertices": {
      "rawPosition": [
        -64.5,
        -42,
        0,
        64.5,
        -42,
        0,
        -64.5,
        42,
        0,
        64.5,
        42,
        0
      ],
      "indexes": [
        0,
        1,
        2,
        2,
        1,
        3
      ],
      "uv": [
        8,
        86,
        137,
        86,
        8,
        2,
        137,
        2
      ],
      "nuv": [
        0.058394160583941604,
        0.022988505747126436,
        1,
        0.022988505747126436,
        0.058394160583941604,
        0.9885057471264368,
        1,
        0.9885057471264368
      ],
      "minPos": {
        "x": -64.5,
        "y": -42,
        "z": 0
      },
      "maxPos": {
        "x": 64.5,
        "y": 42,
        "z": 0
      }
    },
    "texture": "04bd4c07-c06c-48f9-8a3c-ee16a3adba61@6c48a",
    "packable": true,
    "pixelsToUnit": 100,
    "pivot": {
      "x": 0.5,
      "y": 0.5
    },
    "meshType": 0
  }
}