{
  "__type__": "cc.SpriteFrame",
  "content": {
    "name": "ww5",
    "atlas": "",
    "rect": {
      "x": 2,
      "y": 5,
      "width": 169,
      "height": 127
    },
    "offset": {
      "x": 0.5,
      "y": -2.5
    },
    "originalSize": {
      "width": 172,
      "height": 132
    },
    "rotated": false,
    "capInsets": [
      0,
      0,
      0,
      0
    ],
    "vertices": {
      "rawPosition": [
        -84.5,
        -63.5,
        0,
        84.5,
        -63.5,
        0,
        -84.5,
        63.5,
        0,
        84.5,
        63.5,
        0
      ],
      "indexes": [
        0,
        1,
        2,
        2,
        1,
        3
      ],
      "uv": [
        2,
        127,
        171,
        127,
        2,
        0,
        171,
        0
      ],
      "nuv": [
        0.011627906976744186,
        0,
        0.9941860465116279,
        0,
        0.011627906976744186,
        0.9621212121212122,
        0.9941860465116279,
        0.9621212121212122
      ],
      "minPos": {
        "x": -84.5,
        "y": -63.5,
        "z": 0
      },
      "maxPos": {
        "x": 84.5,
        "y": 63.5,
        "z": 0
      }
    },
    "texture": "04f617b7-e7dd-4e90-9802-ce795ab25c73@6c48a",
    "packable": true,
    "pixelsToUnit": 100,
    "pivot": {
      "x": 0.5,
      "y": 0.5
    },
    "meshType": 0
  }
}