{
  "__type__": "cc.SpriteFrame",
  "content": {
    "name": "ruchong-b_16",
    "atlas": "",
    "rect": {
      "x": 2,
      "y": 3,
      "width": 45,
      "height": 46
    },
    "offset": {
      "x": -0.5,
      "y": -1.5
    },
    "originalSize": {
      "width": 50,
      "height": 49
    },
    "rotated": false,
    "capInsets": [
      0,
      0,
      0,
      0
    ],
    "vertices": {
      "rawPosition": [
        -22.5,
        -23,
        0,
        22.5,
        -23,
        0,
        -22.5,
        23,
        0,
        22.5,
        23,
        0
      ],
      "indexes": [
        0,
        1,
        2,
        2,
        1,
        3
      ],
      "uv": [
        2,
        46,
        47,
        46,
        2,
        0,
        47,
        0
      ],
      "nuv": [
        0.04,
        0,
        0.94,
        0,
        0.04,
        0.9387755102040817,
        0.94,
        0.9387755102040817
      ],
      "minPos": {
        "x": -22.5,
        "y": -23,
        "z": 0
      },
      "maxPos": {
        "x": 22.5,
        "y": 23,
        "z": 0
      }
    },
    "texture": "ed553819-961d-4e1c-90e1-8880f4832c7d@6c48a",
    "packable": true,
    "pixelsToUnit": 100,
    "pivot": {
      "x": 0.5,
      "y": 0.5
    },
    "meshType": 0
  }
}