{
  "__type__": "cc.SpriteFrame",
  "content": {
    "name": "die4",
    "atlas": "",
    "rect": {
      "x": 7,
      "y": 8,
      "width": 40,
      "height": 35
    },
    "offset": {
      "x": 0,
      "y": 2.5
    },
    "originalSize": {
      "width": 54,
      "height": 56
    },
    "rotated": false,
    "capInsets": [
      0,
      0,
      0,
      0
    ],
    "vertices": {
      "rawPosition": [
        -20,
        -17.5,
        0,
        20,
        -17.5,
        0,
        -20,
        17.5,
        0,
        20,
        17.5,
        0
      ],
      "indexes": [
        0,
        1,
        2,
        2,
        1,
        3
      ],
      "uv": [
        7,
        48,
        47,
        48,
        7,
        13,
        47,
        13
      ],
      "nuv": [
        0.12962962962962962,
        0.23214285714285715,
        0.8703703703703703,
        0.23214285714285715,
        0.12962962962962962,
        0.8571428571428571,
        0.8703703703703703,
        0.8571428571428571
      ],
      "minPos": {
        "x": -20,
        "y": -17.5,
        "z": 0
      },
      "maxPos": {
        "x": 20,
        "y": 17.5,
        "z": 0
      }
    },
    "texture": "edd4ac67-49b6-4b5f-8816-eb9be0180087@6c48a",
    "packable": true,
    "pixelsToUnit": 100,
    "pivot": {
      "x": 0.5,
      "y": 0.5
    },
    "meshType": 0
  }
}