{
  "__type__": "cc.SpriteFrame",
  "content": {
    "name": "box1",
    "atlas": "",
    "rect": {
      "x": 7,
      "y": 13,
      "width": 60,
      "height": 52
    },
    "offset": {
      "x": 2,
      "y": -5.5
    },
    "originalSize": {
      "width": 70,
      "height": 67
    },
    "rotated": false,
    "capInsets": [
      0,
      0,
      0,
      0
    ],
    "vertices": {
      "rawPosition": [
        -30,
        -26,
        0,
        30,
        -26,
        0,
        -30,
        26,
        0,
        30,
        26,
        0
      ],
      "indexes": [
        0,
        1,
        2,
        2,
        1,
        3
      ],
      "uv": [
        7,
        54,
        67,
        54,
        7,
        2,
        67,
        2
      ],
      "nuv": [
        0.1,
        0.029850746268656716,
        0.9571428571428572,
        0.029850746268656716,
        0.1,
        0.8059701492537313,
        0.9571428571428572,
        0.8059701492537313
      ],
      "minPos": {
        "x": -30,
        "y": -26,
        "z": 0
      },
      "maxPos": {
        "x": 30,
        "y": 26,
        "z": 0
      }
    },
    "texture": "ca297ee4-e802-43a1-a08d-ddf419bd6a98@6c48a",
    "packable": true,
    "pixelsToUnit": 100,
    "pivot": {
      "x": 0.5,
      "y": 0.5
    },
    "meshType": 0
  }
}