{
  "__type__": "cc.SpriteFrame",
  "content": {
    "name": "ta",
    "atlas": "",
    "rect": {
      "x": 2,
      "y": 2,
      "width": 830,
      "height": 500
    },
    "offset": {
      "x": -95,
      "y": 4
    },
    "originalSize": {
      "width": 1024,
      "height": 512
    },
    "rotated": false,
    "capInsets": [
      0,
      0,
      0,
      0
    ],
    "vertices": {
      "rawPosition": [
        -415,
        -250,
        0,
        415,
        -250,
        0,
        -415,
        250,
        0,
        415,
        250,
        0
      ],
      "indexes": [
        0,
        1,
        2,
        2,
        1,
        3
      ],
      "uv": [
        2,
        510,
        832,
        510,
        2,
        10,
        832,
        10
      ],
      "nuv": [
        0.001953125,
        0.01953125,
        0.8125,
        0.01953125,
        0.001953125,
        0.99609375,
        0.8125,
        0.99609375
      ],
      "minPos": {
        "x": -415,
        "y": -250,
        "z": 0
      },
      "maxPos": {
        "x": 415,
        "y": 250,
        "z": 0
      }
    },
    "texture": "cad9d887-db2a-4094-a487-97e62e572784@6c48a",
    "packable": true,
    "pixelsToUnit": 100,
    "pivot": {
      "x": 0.5,
      "y": 0.5
    },
    "meshType": 0
  }
}