{
  "__type__": "cc.SpriteFrame",
  "content": {
    "name": "zuan-animation 2",
    "atlas": "",
    "rect": {
      "x": 24,
      "y": 45,
      "width": 123,
      "height": 119
    },
    "offset": {
      "x": 3.5,
      "y": 4
    },
    "originalSize": {
      "width": 164,
      "height": 217
    },
    "rotated": false,
    "capInsets": [
      0,
      0,
      0,
      0
    ],
    "vertices": {
      "rawPosition": [
        -61.5,
        -59.5,
        0,
        61.5,
        -59.5,
        0,
        -61.5,
        59.5,
        0,
        61.5,
        59.5,
        0
      ],
      "indexes": [
        0,
        1,
        2,
        2,
        1,
        3
      ],
      "uv": [
        24,
        172,
        147,
        172,
        24,
        53,
        147,
        53
      ],
      "nuv": [
        0.14634146341463414,
        0.24423963133640553,
        0.8963414634146342,
        0.24423963133640553,
        0.14634146341463414,
        0.7926267281105991,
        0.8963414634146342,
        0.7926267281105991
      ],
      "minPos": {
        "x": -61.5,
        "y": -59.5,
        "z": 0
      },
      "maxPos": {
        "x": 61.5,
        "y": 59.5,
        "z": 0
      }
    },
    "texture": "ac039419-761d-45df-b407-edc497305a61@6c48a",
    "packable": true,
    "pixelsToUnit": 100,
    "pivot": {
      "x": 0.5,
      "y": 0.5
    },
    "meshType": 0
  }
}