{
  "__type__": "cc.SpriteFrame",
  "content": {
    "name": "jqr-red 12",
    "atlas": "",
    "rect": {
      "x": 12,
      "y": 9,
      "width": 150,
      "height": 193
    },
    "offset": {
      "x": -1.5,
      "y": -4
    },
    "originalSize": {
      "width": 177,
      "height": 203
    },
    "rotated": false,
    "capInsets": [
      0,
      0,
      0,
      0
    ],
    "vertices": {
      "rawPosition": [
        -75,
        -96.5,
        0,
        75,
        -96.5,
        0,
        -75,
        96.5,
        0,
        75,
        96.5,
        0
      ],
      "indexes": [
        0,
        1,
        2,
        2,
        1,
        3
      ],
      "uv": [
        12,
        194,
        162,
        194,
        12,
        1,
        162,
        1
      ],
      "nuv": [
        0.06779661016949153,
        0.0049261083743842365,
        0.9152542372881356,
        0.0049261083743842365,
        0.06779661016949153,
        0.9556650246305419,
        0.9152542372881356,
        0.9556650246305419
      ],
      "minPos": {
        "x": -75,
        "y": -96.5,
        "z": 0
      },
      "maxPos": {
        "x": 75,
        "y": 96.5,
        "z": 0
      }
    },
    "texture": "ac0e62f9-ae73-40a5-a112-f6dac890e033@6c48a",
    "packable": true,
    "pixelsToUnit": 100,
    "pivot": {
      "x": 0.5,
      "y": 0.5
    },
    "meshType": 0
  }
}