{
  "__type__": "cc.SpriteFrame",
  "content": {
    "name": "s4",
    "atlas": "",
    "rect": {
      "x": 2,
      "y": 2,
      "width": 79,
      "height": 81
    },
    "offset": {
      "x": 0,
      "y": -0.5
    },
    "originalSize": {
      "width": 83,
      "height": 84
    },
    "rotated": false,
    "capInsets": [
      0,
      0,
      0,
      0
    ],
    "vertices": {
      "rawPosition": [
        -39.5,
        -40.5,
        0,
        39.5,
        -40.5,
        0,
        -39.5,
        40.5,
        0,
        39.5,
        40.5,
        0
      ],
      "indexes": [
        0,
        1,
        2,
        2,
        1,
        3
      ],
      "uv": [
        2,
        82,
        81,
        82,
        2,
        1,
        81,
        1
      ],
      "nuv": [
        0.024096385542168676,
        0.011904761904761904,
        0.9759036144578314,
        0.011904761904761904,
        0.024096385542168676,
        0.9761904761904762,
        0.9759036144578314,
        0.9761904761904762
      ],
      "minPos": {
        "x": -39.5,
        "y": -40.5,
        "z": 0
      },
      "maxPos": {
        "x": 39.5,
        "y": 40.5,
        "z": 0
      }
    },
    "texture": "ac7ae7bb-a1ce-4ba3-8cb1-d0b2b92e2756@6c48a",
    "packable": true,
    "pixelsToUnit": 100,
    "pivot": {
      "x": 0.5,
      "y": 0.5
    },
    "meshType": 0
  }
}