{
  "__type__": "cc.SpriteFrame",
  "content": {
    "name": "ui_game_ctrl_bg",
    "atlas": "",
    "rect": {
      "x": 11,
      "y": 11,
      "width": 257,
      "height": 256
    },
    "offset": {
      "x": 0,
      "y": -5
    },
    "originalSize": {
      "width": 279,
      "height": 268
    },
    "rotated": false,
    "capInsets": [
      0,
      0,
      0,
      0
    ],
    "vertices": {
      "rawPosition": [
        -128.5,
        -128,
        0,
        128.5,
        -128,
        0,
        -128.5,
        128,
        0,
        128.5,
        128,
        0
      ],
      "indexes": [
        0,
        1,
        2,
        2,
        1,
        3
      ],
      "uv": [
        11,
        257,
        268,
        257,
        11,
        1,
        268,
        1
      ],
      "nuv": [
        0.03942652329749104,
        0.0037313432835820895,
        0.9605734767025089,
        0.0037313432835820895,
        0.03942652329749104,
        0.9589552238805971,
        0.9605734767025089,
        0.9589552238805971
      ],
      "minPos": {
        "x": -128.5,
        "y": -128,
        "z": 0
      },
      "maxPos": {
        "x": 128.5,
        "y": 128,
        "z": 0
      }
    },
    "texture": "b0bf442c-6acd-49c4-9aa9-df9b2116c68e@6c48a",
    "packable": true,
    "pixelsToUnit": 100,
    "pivot": {
      "x": 0.5,
      "y": 0.5
    },
    "meshType": 0
  }
}