{
  "__type__": "cc.SpriteFrame",
  "content": {
    "name": "s3",
    "atlas": "",
    "rect": {
      "x": 14,
      "y": 26,
      "width": 270,
      "height": 293
    },
    "offset": {
      "x": 4.5,
      "y": -6.5
    },
    "originalSize": {
      "width": 289,
      "height": 332
    },
    "rotated": false,
    "capInsets": [
      0,
      0,
      0,
      0
    ],
    "vertices": {
      "rawPosition": [
        -135,
        -146.5,
        0,
        135,
        -146.5,
        0,
        -135,
        146.5,
        0,
        135,
        146.5,
        0
      ],
      "indexes": [
        0,
        1,
        2,
        2,
        1,
        3
      ],
      "uv": [
        14,
        306,
        284,
        306,
        14,
        13,
        284,
        13
      ],
      "nuv": [
        0.04844290657439446,
        0.0391566265060241,
        0.9826989619377162,
        0.0391566265060241,
        0.04844290657439446,
        0.9216867469879518,
        0.9826989619377162,
        0.9216867469879518
      ],
      "minPos": {
        "x": -135,
        "y": -146.5,
        "z": 0
      },
      "maxPos": {
        "x": 135,
        "y": 146.5,
        "z": 0
      }
    },
    "texture": "b927b9ee-8ba8-4161-b71b-6b3b4bfa6c80@6c48a",
    "packable": true,
    "pixelsToUnit": 100,
    "pivot": {
      "x": 0.5,
      "y": 0.5
    },
    "meshType": 0
  }
}