{
  "__type__": "cc.SpriteFrame",
  "content": {
    "name": "zuan-animation 5",
    "atlas": "",
    "rect": {
      "x": 28,
      "y": 41,
      "width": 126,
      "height": 155
    },
    "offset": {
      "x": 9,
      "y": -10
    },
    "originalSize": {
      "width": 164,
      "height": 217
    },
    "rotated": false,
    "capInsets": [
      0,
      0,
      0,
      0
    ],
    "vertices": {
      "rawPosition": [
        -63,
        -77.5,
        0,
        63,
        -77.5,
        0,
        -63,
        77.5,
        0,
        63,
        77.5,
        0
      ],
      "indexes": [
        0,
        1,
        2,
        2,
        1,
        3
      ],
      "uv": [
        28,
        176,
        154,
        176,
        28,
        21,
        154,
        21
      ],
      "nuv": [
        0.17073170731707318,
        0.0967741935483871,
        0.9390243902439024,
        0.0967741935483871,
        0.17073170731707318,
        0.8110599078341014,
        0.9390243902439024,
        0.8110599078341014
      ],
      "minPos": {
        "x": -63,
        "y": -77.5,
        "z": 0
      },
      "maxPos": {
        "x": 63,
        "y": 77.5,
        "z": 0
      }
    },
    "texture": "b9a8dbc5-6ce9-4285-b1ce-714ac1434395@6c48a",
    "packable": true,
    "pixelsToUnit": 100,
    "pivot": {
      "x": 0.5,
      "y": 0.5
    },
    "meshType": 0
  }
}