{
  "__type__": "cc.SpriteFrame",
  "content": {
    "name": "zhizhu-c2 3",
    "atlas": "",
    "rect": {
      "x": 2,
      "y": 1,
      "width": 59,
      "height": 59
    },
    "offset": {
      "x": 0.5,
      "y": 0.5
    },
    "originalSize": {
      "width": 62,
      "height": 62
    },
    "rotated": false,
    "capInsets": [
      0,
      0,
      0,
      0
    ],
    "vertices": {
      "rawPosition": [
        -29.5,
        -29.5,
        0,
        29.5,
        -29.5,
        0,
        -29.5,
        29.5,
        0,
        29.5,
        29.5,
        0
      ],
      "indexes": [
        0,
        1,
        2,
        2,
        1,
        3
      ],
      "uv": [
        2,
        61,
        61,
        61,
        2,
        2,
        61,
        2
      ],
      "nuv": [
        0.03225806451612903,
        0.03225806451612903,
        0.9838709677419355,
        0.03225806451612903,
        0.03225806451612903,
        0.9838709677419355,
        0.9838709677419355,
        0.9838709677419355
      ],
      "minPos": {
        "x": -29.5,
        "y": -29.5,
        "z": 0
      },
      "maxPos": {
        "x": 29.5,
        "y": 29.5,
        "z": 0
      }
    },
    "texture": "b9dc7515-5181-42cf-93a1-fc1f9dfa057c@6c48a",
    "packable": true,
    "pixelsToUnit": 100,
    "pivot": {
      "x": 0.5,
      "y": 0.5
    },
    "meshType": 0
  }
}