{
  "__type__": "cc.SpriteFrame",
  "content": {
    "name": "s5",
    "atlas": "",
    "rect": {
      "x": 35,
      "y": 97,
      "width": 238,
      "height": 215
    },
    "offset": {
      "x": 9.5,
      "y": -38.5
    },
    "originalSize": {
      "width": 289,
      "height": 332
    },
    "rotated": false,
    "capInsets": [
      0,
      0,
      0,
      0
    ],
    "vertices": {
      "rawPosition": [
        -119,
        -107.5,
        0,
        119,
        -107.5,
        0,
        -119,
        107.5,
        0,
        119,
        107.5,
        0
      ],
      "indexes": [
        0,
        1,
        2,
        2,
        1,
        3
      ],
      "uv": [
        35,
        235,
        273,
        235,
        35,
        20,
        273,
        20
      ],
      "nuv": [
        0.12110726643598616,
        0.060240963855421686,
        0.9446366782006921,
        0.060240963855421686,
        0.12110726643598616,
        0.7078313253012049,
        0.9446366782006921,
        0.7078313253012049
      ],
      "minPos": {
        "x": -119,
        "y": -107.5,
        "z": 0
      },
      "maxPos": {
        "x": 119,
        "y": 107.5,
        "z": 0
      }
    },
    "texture": "19cef3f3-3706-4a38-8d10-dc4df4b76e4c@6c48a",
    "packable": true,
    "pixelsToUnit": 100,
    "pivot": {
      "x": 0.5,
      "y": 0.5
    },
    "meshType": 0
  }
}