{
  "__type__": "cc.SpriteFrame",
  "content": {
    "name": "2",
    "atlas": "",
    "rect": {
      "x": 10,
      "y": 4,
      "width": 418,
      "height": 198
    },
    "offset": {
      "x": -1,
      "y": 0.5
    },
    "originalSize": {
      "width": 440,
      "height": 207
    },
    "rotated": false,
    "capInsets": [
      0,
      0,
      0,
      0
    ],
    "vertices": {
      "rawPosition": [
        -209,
        -99,
        0,
        209,
        -99,
        0,
        -209,
        99,
        0,
        209,
        99,
        0
      ],
      "indexes": [
        0,
        1,
        2,
        2,
        1,
        3
      ],
      "uv": [
        10,
        203,
        428,
        203,
        10,
        5,
        428,
        5
      ],
      "nuv": [
        0.022727272727272728,
        0.024154589371980676,
        0.9727272727272728,
        0.024154589371980676,
        0.022727272727272728,
        0.9806763285024155,
        0.9727272727272728,
        0.9806763285024155
      ],
      "minPos": {
        "x": -209,
        "y": -99,
        "z": 0
      },
      "maxPos": {
        "x": 209,
        "y": 99,
        "z": 0
      }
    },
    "texture": "19e229d1-bc73-43db-bfe4-16e6d8ceb911@6c48a",
    "packable": true,
    "pixelsToUnit": 100,
    "pivot": {
      "x": 0.5,
      "y": 0.5
    },
    "meshType": 0
  }
}