{
  "__type__": "cc.SpriteFrame",
  "content": {
    "name": "djg-1 17",
    "atlas": "",
    "rect": {
      "x": 21,
      "y": 22,
      "width": 50,
      "height": 50
    },
    "offset": {
      "x": -0.5,
      "y": -0.5
    },
    "originalSize": {
      "width": 93,
      "height": 93
    },
    "rotated": false,
    "capInsets": [
      0,
      0,
      0,
      0
    ],
    "vertices": {
      "rawPosition": [
        -25,
        -25,
        0,
        25,
        -25,
        0,
        -25,
        25,
        0,
        25,
        25,
        0
      ],
      "indexes": [
        0,
        1,
        2,
        2,
        1,
        3
      ],
      "uv": [
        21,
        71,
        71,
        71,
        21,
        21,
        71,
        21
      ],
      "nuv": [
        0.22580645161290322,
        0.22580645161290322,
        0.7634408602150538,
        0.22580645161290322,
        0.22580645161290322,
        0.7634408602150538,
        0.7634408602150538,
        0.7634408602150538
      ],
      "minPos": {
        "x": -25,
        "y": -25,
        "z": 0
      },
      "maxPos": {
        "x": 25,
        "y": 25,
        "z": 0
      }
    },
    "texture": "594fd2ab-6084-4ff2-972a-3c545bac2634@6c48a",
    "packable": true,
    "pixelsToUnit": 100,
    "pivot": {
      "x": 0.5,
      "y": 0.5
    },
    "meshType": 0
  }
}