{
  "__type__": "cc.SpriteFrame",
  "content": {
    "name": "ww3",
    "atlas": "",
    "rect": {
      "x": 3,
      "y": 1,
      "width": 168,
      "height": 131
    },
    "offset": {
      "x": 1,
      "y": -0.5
    },
    "originalSize": {
      "width": 172,
      "height": 132
    },
    "rotated": false,
    "capInsets": [
      0,
      0,
      0,
      0
    ],
    "vertices": {
      "rawPosition": [
        -84,
        -65.5,
        0,
        84,
        -65.5,
        0,
        -84,
        65.5,
        0,
        84,
        65.5,
        0
      ],
      "indexes": [
        0,
        1,
        2,
        2,
        1,
        3
      ],
      "uv": [
        3,
        131,
        171,
        131,
        3,
        0,
        171,
        0
      ],
      "nuv": [
        0.01744186046511628,
        0,
        0.9941860465116279,
        0,
        0.01744186046511628,
        0.9924242424242424,
        0.9941860465116279,
        0.9924242424242424
      ],
      "minPos": {
        "x": -84,
        "y": -65.5,
        "z": 0
      },
      "maxPos": {
        "x": 84,
        "y": 65.5,
        "z": 0
      }
    },
    "texture": "59b9f175-fc89-4ec2-9398-dae7b48cf9f8@6c48a",
    "packable": true,
    "pixelsToUnit": 100,
    "pivot": {
      "x": 0.5,
      "y": 0.5
    },
    "meshType": 0
  }
}