{
  "__type__": "cc.SpriteFrame",
  "content": {
    "name": "6",
    "atlas": "",
    "rect": {
      "x": 2,
      "y": 2,
      "width": 82,
      "height": 149
    },
    "offset": {
      "x": 1,
      "y": 0
    },
    "originalSize": {
      "width": 84,
      "height": 153
    },
    "rotated": false,
    "capInsets": [
      0,
      0,
      0,
      0
    ],
    "vertices": {
      "rawPosition": [
        -41,
        -74.5,
        0,
        41,
        -74.5,
        0,
        -41,
        74.5,
        0,
        41,
        74.5,
        0
      ],
      "indexes": [
        0,
        1,
        2,
        2,
        1,
        3
      ],
      "uv": [
        2,
        151,
        84,
        151,
        2,
        2,
        84,
        2
      ],
      "nuv": [
        0.023809523809523808,
        0.013071895424836602,
        1,
        0.013071895424836602,
        0.023809523809523808,
        0.9869281045751634,
        1,
        0.9869281045751634
      ],
      "minPos": {
        "x": -41,
        "y": -74.5,
        "z": 0
      },
      "maxPos": {
        "x": 41,
        "y": 74.5,
        "z": 0
      }
    },
    "texture": "d23f6c47-8443-4c4d-a326-bf0d251326b3@6c48a",
    "packable": true,
    "pixelsToUnit": 100,
    "pivot": {
      "x": 0.5,
      "y": 0.5
    },
    "meshType": 0
  }
}