{
  "__type__": "cc.SpriteFrame",
  "content": {
    "name": "ww6",
    "atlas": "",
    "rect": {
      "x": 0,
      "y": 5,
      "width": 171,
      "height": 127
    },
    "offset": {
      "x": -0.5,
      "y": -2.5
    },
    "originalSize": {
      "width": 172,
      "height": 132
    },
    "rotated": false,
    "capInsets": [
      0,
      0,
      0,
      0
    ],
    "vertices": {
      "rawPosition": [
        -85.5,
        -63.5,
        0,
        85.5,
        -63.5,
        0,
        -85.5,
        63.5,
        0,
        85.5,
        63.5,
        0
      ],
      "indexes": [
        0,
        1,
        2,
        2,
        1,
        3
      ],
      "uv": [
        0,
        127,
        171,
        127,
        0,
        0,
        171,
        0
      ],
      "nuv": [
        0,
        0,
        0.9941860465116279,
        0,
        0,
        0.9621212121212122,
        0.9941860465116279,
        0.9621212121212122
      ],
      "minPos": {
        "x": -85.5,
        "y": -63.5,
        "z": 0
      },
      "maxPos": {
        "x": 85.5,
        "y": 63.5,
        "z": 0
      }
    },
    "texture": "d26ac72a-5b65-4abc-b1da-c95209802960@6c48a",
    "packable": true,
    "pixelsToUnit": 100,
    "pivot": {
      "x": 0.5,
      "y": 0.5
    },
    "meshType": 0
  }
}