{
  "__type__": "cc.SpriteFrame",
  "content": {
    "name": "die5",
    "atlas": "",
    "rect": {
      "x": 17,
      "y": 1,
      "width": 29,
      "height": 32
    },
    "offset": {
      "x": 7.5,
      "y": 8.5
    },
    "originalSize": {
      "width": 48,
      "height": 51
    },
    "rotated": false,
    "capInsets": [
      0,
      0,
      0,
      0
    ],
    "vertices": {
      "rawPosition": [
        -14.5,
        -16,
        0,
        14.5,
        -16,
        0,
        -14.5,
        16,
        0,
        14.5,
        16,
        0
      ],
      "indexes": [
        0,
        1,
        2,
        2,
        1,
        3
      ],
      "uv": [
        17,
        50,
        46,
        50,
        17,
        18,
        46,
        18
      ],
      "nuv": [
        0.3541666666666667,
        0.35294117647058826,
        0.9583333333333334,
        0.35294117647058826,
        0.3541666666666667,
        0.9803921568627451,
        0.9583333333333334,
        0.9803921568627451
      ],
      "minPos": {
        "x": -14.5,
        "y": -16,
        "z": 0
      },
      "maxPos": {
        "x": 14.5,
        "y": 16,
        "z": 0
      }
    },
    "texture": "c88440aa-f6f8-4b06-b14d-d2e236f3a262@6c48a",
    "packable": true,
    "pixelsToUnit": 100,
    "pivot": {
      "x": 0.5,
      "y": 0.5
    },
    "meshType": 0
  }
}