{
  "__type__": "cc.SpriteFrame",
  "content": {
    "name": "zhizhu-c2 4",
    "atlas": "",
    "rect": {
      "x": 3,
      "y": 6,
      "width": 53,
      "height": 49
    },
    "offset": {
      "x": -1.5,
      "y": 0.5
    },
    "originalSize": {
      "width": 62,
      "height": 62
    },
    "rotated": false,
    "capInsets": [
      0,
      0,
      0,
      0
    ],
    "vertices": {
      "rawPosition": [
        -26.5,
        -24.5,
        0,
        26.5,
        -24.5,
        0,
        -26.5,
        24.5,
        0,
        26.5,
        24.5,
        0
      ],
      "indexes": [
        0,
        1,
        2,
        2,
        1,
        3
      ],
      "uv": [
        3,
        56,
        56,
        56,
        3,
        7,
        56,
        7
      ],
      "nuv": [
        0.04838709677419355,
        0.11290322580645161,
        0.9032258064516129,
        0.11290322580645161,
        0.04838709677419355,
        0.9032258064516129,
        0.9032258064516129,
        0.9032258064516129
      ],
      "minPos": {
        "x": -26.5,
        "y": -24.5,
        "z": 0
      },
      "maxPos": {
        "x": 26.5,
        "y": 24.5,
        "z": 0
      }
    },
    "texture": "ef6b6ead-aed1-49c6-ba84-41d9495ea650@6c48a",
    "packable": true,
    "pixelsToUnit": 100,
    "pivot": {
      "x": 0.5,
      "y": 0.5
    },
    "meshType": 0
  }
}