{
  "__type__": "cc.SpriteFrame",
  "content": {
    "name": "skeleton-3 05",
    "atlas": "",
    "rect": {
      "x": 5,
      "y": 2,
      "width": 229,
      "height": 222
    },
    "offset": {
      "x": -0.5,
      "y": 1
    },
    "originalSize": {
      "width": 240,
      "height": 228
    },
    "rotated": false,
    "capInsets": [
      0,
      0,
      0,
      0
    ],
    "vertices": {
      "rawPosition": [
        -114.5,
        -111,
        0,
        114.5,
        -111,
        0,
        -114.5,
        111,
        0,
        114.5,
        111,
        0
      ],
      "indexes": [
        0,
        1,
        2,
        2,
        1,
        3
      ],
      "uv": [
        5,
        226,
        234,
        226,
        5,
        4,
        234,
        4
      ],
      "nuv": [
        0.020833333333333332,
        0.017543859649122806,
        0.975,
        0.017543859649122806,
        0.020833333333333332,
        0.9912280701754386,
        0.975,
        0.9912280701754386
      ],
      "minPos": {
        "x": -114.5,
        "y": -111,
        "z": 0
      },
      "maxPos": {
        "x": 114.5,
        "y": 111,
        "z": 0
      }
    },
    "texture": "a3359a5b-a2f6-4c5f-8e79-41ad9c0bda5a@6c48a",
    "packable": true,
    "pixelsToUnit": 100,
    "pivot": {
      "x": 0.5,
      "y": 0.5
    },
    "meshType": 0
  }
}