{
  "__type__": "cc.SpriteFrame",
  "content": {
    "name": "die4",
    "atlas": "",
    "rect": {
      "x": 10,
      "y": 10,
      "width": 41,
      "height": 37
    },
    "offset": {
      "x": 3.5,
      "y": -0.5
    },
    "originalSize": {
      "width": 54,
      "height": 56
    },
    "rotated": false,
    "capInsets": [
      0,
      0,
      0,
      0
    ],
    "vertices": {
      "rawPosition": [
        -20.5,
        -18.5,
        0,
        20.5,
        -18.5,
        0,
        -20.5,
        18.5,
        0,
        20.5,
        18.5,
        0
      ],
      "indexes": [
        0,
        1,
        2,
        2,
        1,
        3
      ],
      "uv": [
        10,
        46,
        51,
        46,
        10,
        9,
        51,
        9
      ],
      "nuv": [
        0.18518518518518517,
        0.16071428571428573,
        0.9444444444444444,
        0.16071428571428573,
        0.18518518518518517,
        0.8214285714285714,
        0.9444444444444444,
        0.8214285714285714
      ],
      "minPos": {
        "x": -20.5,
        "y": -18.5,
        "z": 0
      },
      "maxPos": {
        "x": 20.5,
        "y": 18.5,
        "z": 0
      }
    },
    "texture": "484a7e94-76ad-4069-a2d7-27b0eb6ea06a@6c48a",
    "packable": true,
    "pixelsToUnit": 100,
    "pivot": {
      "x": 0.5,
      "y": 0.5
    },
    "meshType": 0
  }
}