{
  "__type__": "cc.SpriteFrame",
  "content": {
    "name": "jqr-green 09",
    "atlas": "",
    "rect": {
      "x": 12,
      "y": 3,
      "width": 150,
      "height": 199
    },
    "offset": {
      "x": -1.5,
      "y": -1
    },
    "originalSize": {
      "width": 177,
      "height": 203
    },
    "rotated": false,
    "capInsets": [
      0,
      0,
      0,
      0
    ],
    "vertices": {
      "rawPosition": [
        -75,
        -99.5,
        0,
        75,
        -99.5,
        0,
        -75,
        99.5,
        0,
        75,
        99.5,
        0
      ],
      "indexes": [
        0,
        1,
        2,
        2,
        1,
        3
      ],
      "uv": [
        12,
        200,
        162,
        200,
        12,
        1,
        162,
        1
      ],
      "nuv": [
        0.06779661016949153,
        0.0049261083743842365,
        0.9152542372881356,
        0.0049261083743842365,
        0.06779661016949153,
        0.9852216748768473,
        0.9152542372881356,
        0.9852216748768473
      ],
      "minPos": {
        "x": -75,
        "y": -99.5,
        "z": 0
      },
      "maxPos": {
        "x": 75,
        "y": 99.5,
        "z": 0
      }
    },
    "texture": "fb2e8a36-68e5-4027-9fa1-c1de322d99bf@6c48a",
    "packable": true,
    "pixelsToUnit": 100,
    "pivot": {
      "x": 0.5,
      "y": 0.5
    },
    "meshType": 0
  }
}