{
  "__type__": "cc.SpriteFrame",
  "content": {
    "name": "kk1",
    "atlas": "",
    "rect": {
      "x": 25,
      "y": 7,
      "width": 165,
      "height": 137
    },
    "offset": {
      "x": -2.5,
      "y": 5.5
    },
    "originalSize": {
      "width": 220,
      "height": 162
    },
    "rotated": false,
    "capInsets": [
      0,
      0,
      0,
      0
    ],
    "vertices": {
      "rawPosition": [
        -82.5,
        -68.5,
        0,
        82.5,
        -68.5,
        0,
        -82.5,
        68.5,
        0,
        82.5,
        68.5,
        0
      ],
      "indexes": [
        0,
        1,
        2,
        2,
        1,
        3
      ],
      "uv": [
        25,
        155,
        190,
        155,
        25,
        18,
        190,
        18
      ],
      "nuv": [
        0.11363636363636363,
        0.1111111111111111,
        0.8636363636363636,
        0.1111111111111111,
        0.11363636363636363,
        0.9567901234567902,
        0.8636363636363636,
        0.9567901234567902
      ],
      "minPos": {
        "x": -82.5,
        "y": -68.5,
        "z": 0
      },
      "maxPos": {
        "x": 82.5,
        "y": 68.5,
        "z": 0
      }
    },
    "texture": "fb44cb81-a2d1-4fac-a805-436350bdb4f0@6c48a",
    "packable": true,
    "pixelsToUnit": 100,
    "pivot": {
      "x": 0.5,
      "y": 0.5
    },
    "meshType": 0
  }
}