{
  "__type__": "cc.SpriteFrame",
  "content": {
    "name": "skeleton-3 09",
    "atlas": "",
    "rect": {
      "x": 14,
      "y": 13,
      "width": 211,
      "height": 202
    },
    "offset": {
      "x": -0.5,
      "y": 0
    },
    "originalSize": {
      "width": 240,
      "height": 228
    },
    "rotated": false,
    "capInsets": [
      0,
      0,
      0,
      0
    ],
    "vertices": {
      "rawPosition": [
        -105.5,
        -101,
        0,
        105.5,
        -101,
        0,
        -105.5,
        101,
        0,
        105.5,
        101,
        0
      ],
      "indexes": [
        0,
        1,
        2,
        2,
        1,
        3
      ],
      "uv": [
        14,
        215,
        225,
        215,
        14,
        13,
        225,
        13
      ],
      "nuv": [
        0.058333333333333334,
        0.05701754385964912,
        0.9375,
        0.05701754385964912,
        0.058333333333333334,
        0.9429824561403509,
        0.9375,
        0.9429824561403509
      ],
      "minPos": {
        "x": -105.5,
        "y": -101,
        "z": 0
      },
      "maxPos": {
        "x": 105.5,
        "y": 101,
        "z": 0
      }
    },
    "texture": "6b622234-262a-417d-a33b-dea8c3841b28@6c48a",
    "packable": true,
    "pixelsToUnit": 100,
    "pivot": {
      "x": 0.5,
      "y": 0.5
    },
    "meshType": 0
  }
}