{
  "__type__": "cc.SpriteFrame",
  "content": {
    "name": "ui_yc",
    "atlas": "",
    "rect": {
      "x": 10,
      "y": 13,
      "width": 77,
      "height": 76
    },
    "offset": {
      "x": 2,
      "y": -4.5
    },
    "originalSize": {
      "width": 93,
      "height": 93
    },
    "rotated": false,
    "capInsets": [
      0,
      0,
      0,
      0
    ],
    "vertices": {
      "rawPosition": [
        -38.5,
        -38,
        0,
        38.5,
        -38,
        0,
        -38.5,
        38,
        0,
        38.5,
        38,
        0
      ],
      "indexes": [
        0,
        1,
        2,
        2,
        1,
        3
      ],
      "uv": [
        10,
        80,
        87,
        80,
        10,
        4,
        87,
        4
      ],
      "nuv": [
        0.10752688172043011,
        0.043010752688172046,
        0.9354838709677419,
        0.043010752688172046,
        0.10752688172043011,
        0.8602150537634409,
        0.9354838709677419,
        0.8602150537634409
      ],
      "minPos": {
        "x": -38.5,
        "y": -38,
        "z": 0
      },
      "maxPos": {
        "x": 38.5,
        "y": 38,
        "z": 0
      }
    },
    "texture": "6b906b39-f413-4687-80bb-4441b089d73c@6c48a",
    "packable": true,
    "pixelsToUnit": 100,
    "pivot": {
      "x": 0.5,
      "y": 0.5
    },
    "meshType": 0
  }
}