{
  "__type__": "cc.SpriteFrame",
  "content": {
    "name": "sd-huang-1 02",
    "atlas": "",
    "rect": {
      "x": 75,
      "y": 22,
      "width": 78,
      "height": 520
    },
    "offset": {
      "x": -8.5,
      "y": 33
    },
    "originalSize": {
      "width": 245,
      "height": 630
    },
    "rotated": false,
    "capInsets": [
      0,
      0,
      0,
      0
    ],
    "vertices": {
      "rawPosition": [
        -39,
        -260,
        0,
        39,
        -260,
        0,
        -39,
        260,
        0,
        39,
        260,
        0
      ],
      "indexes": [
        0,
        1,
        2,
        2,
        1,
        3
      ],
      "uv": [
        75,
        608,
        153,
        608,
        75,
        88,
        153,
        88
      ],
      "nuv": [
        0.30612244897959184,
        0.13968253968253969,
        0.6244897959183674,
        0.13968253968253969,
        0.30612244897959184,
        0.9650793650793651,
        0.6244897959183674,
        0.9650793650793651
      ],
      "minPos": {
        "x": -39,
        "y": -260,
        "z": 0
      },
      "maxPos": {
        "x": 39,
        "y": 260,
        "z": 0
      }
    },
    "texture": "173ef9a5-d4f6-4411-9027-ff8d7166f0af@6c48a",
    "packable": true,
    "pixelsToUnit": 100,
    "pivot": {
      "x": 0.5,
      "y": 0.5
    },
    "meshType": 0
  }
}