{
  "__type__": "cc.SpriteFrame",
  "content": {
    "name": "sd-lv-1 08",
    "atlas": "",
    "rect": {
      "x": 18,
      "y": 7,
      "width": 211,
      "height": 602
    },
    "offset": {
      "x": 1,
      "y": 7
    },
    "originalSize": {
      "width": 245,
      "height": 630
    },
    "rotated": false,
    "capInsets": [
      0,
      0,
      0,
      0
    ],
    "vertices": {
      "rawPosition": [
        -105.5,
        -301,
        0,
        105.5,
        -301,
        0,
        -105.5,
        301,
        0,
        105.5,
        301,
        0
      ],
      "indexes": [
        0,
        1,
        2,
        2,
        1,
        3
      ],
      "uv": [
        18,
        623,
        229,
        623,
        18,
        21,
        229,
        21
      ],
      "nuv": [
        0.07346938775510205,
        0.03333333333333333,
        0.9346938775510204,
        0.03333333333333333,
        0.07346938775510205,
        0.9888888888888889,
        0.9346938775510204,
        0.9888888888888889
      ],
      "minPos": {
        "x": -105.5,
        "y": -301,
        "z": 0
      },
      "maxPos": {
        "x": 105.5,
        "y": 301,
        "z": 0
      }
    },
    "texture": "17b55169-b4da-4a54-9684-73104dbe82ec@6c48a",
    "packable": true,
    "pixelsToUnit": 100,
    "pivot": {
      "x": 0.5,
      "y": 0.5
    },
    "meshType": 0
  }
}