{
  "__type__": "cc.SpriteFrame",
  "content": {
    "name": "djg-1 01",
    "atlas": "",
    "rect": {
      "x": 43,
      "y": 44,
      "width": 6,
      "height": 6
    },
    "offset": {
      "x": -0.5,
      "y": -0.5
    },
    "originalSize": {
      "width": 93,
      "height": 93
    },
    "rotated": false,
    "capInsets": [
      0,
      0,
      0,
      0
    ],
    "vertices": {
      "rawPosition": [
        -3,
        -3,
        0,
        3,
        -3,
        0,
        -3,
        3,
        0,
        3,
        3,
        0
      ],
      "indexes": [
        0,
        1,
        2,
        2,
        1,
        3
      ],
      "uv": [
        43,
        49,
        49,
        49,
        43,
        43,
        49,
        43
      ],
      "nuv": [
        0.46236559139784944,
        0.46236559139784944,
        0.5268817204301075,
        0.46236559139784944,
        0.46236559139784944,
        0.5268817204301075,
        0.5268817204301075,
        0.5268817204301075
      ],
      "minPos": {
        "x": -3,
        "y": -3,
        "z": 0
      },
      "maxPos": {
        "x": 3,
        "y": 3,
        "z": 0
      }
    },
    "texture": "e5c712a5-78c9-4789-b5e9-9e3e8d62763d@6c48a",
    "packable": true,
    "pixelsToUnit": 100,
    "pivot": {
      "x": 0.5,
      "y": 0.5
    },
    "meshType": 0
  }
}