{
  "__type__": "cc.SpriteFrame",
  "content": {
    "name": "s1",
    "atlas": "",
    "rect": {
      "x": 27,
      "y": 28,
      "width": 28,
      "height": 29
    },
    "offset": {
      "x": -0.5,
      "y": -0.5
    },
    "originalSize": {
      "width": 83,
      "height": 84
    },
    "rotated": false,
    "capInsets": [
      0,
      0,
      0,
      0
    ],
    "vertices": {
      "rawPosition": [
        -14,
        -14.5,
        0,
        14,
        -14.5,
        0,
        -14,
        14.5,
        0,
        14,
        14.5,
        0
      ],
      "indexes": [
        0,
        1,
        2,
        2,
        1,
        3
      ],
      "uv": [
        27,
        56,
        55,
        56,
        27,
        27,
        55,
        27
      ],
      "nuv": [
        0.3253012048192771,
        0.32142857142857145,
        0.6626506024096386,
        0.32142857142857145,
        0.3253012048192771,
        0.6666666666666666,
        0.6626506024096386,
        0.6666666666666666
      ],
      "minPos": {
        "x": -14,
        "y": -14.5,
        "z": 0
      },
      "maxPos": {
        "x": 14,
        "y": 14.5,
        "z": 0
      }
    },
    "texture": "e30fa71b-1a53-4607-80b1-a55c93175faa@6c48a",
    "packable": true,
    "pixelsToUnit": 100,
    "pivot": {
      "x": 0.5,
      "y": 0.5
    },
    "meshType": 0
  }
}