{
  "__type__": "cc.SpriteFrame",
  "content": {
    "name": "result2",
    "atlas": "",
    "rect": {
      "x": 9,
      "y": 10,
      "width": 297,
      "height": 126
    },
    "offset": {
      "x": 0.5,
      "y": -1.5
    },
    "originalSize": {
      "width": 314,
      "height": 143
    },
    "rotated": false,
    "capInsets": [
      0,
      0,
      0,
      0
    ],
    "vertices": {
      "rawPosition": [
        -148.5,
        -63,
        0,
        148.5,
        -63,
        0,
        -148.5,
        63,
        0,
        148.5,
        63,
        0
      ],
      "indexes": [
        0,
        1,
        2,
        2,
        1,
        3
      ],
      "uv": [
        9,
        133,
        306,
        133,
        9,
        7,
        306,
        7
      ],
      "nuv": [
        0.028662420382165606,
        0.04895104895104895,
        0.9745222929936306,
        0.04895104895104895,
        0.028662420382165606,
        0.9300699300699301,
        0.9745222929936306,
        0.9300699300699301
      ],
      "minPos": {
        "x": -148.5,
        "y": -63,
        "z": 0
      },
      "maxPos": {
        "x": 148.5,
        "y": 63,
        "z": 0
      }
    },
    "texture": "e33805aa-5775-40f6-9146-abc2c256c5d8@6c48a",
    "packable": true,
    "pixelsToUnit": 100,
    "pivot": {
      "x": 0.5,
      "y": 0.5
    },
    "meshType": 0
  }
}