{
  "__type__": "cc.SpriteFrame",
  "content": {
    "name": "skeleton-3 04",
    "atlas": "",
    "rect": {
      "x": 19,
      "y": 14,
      "width": 201,
      "height": 198
    },
    "offset": {
      "x": -0.5,
      "y": 1
    },
    "originalSize": {
      "width": 240,
      "height": 228
    },
    "rotated": false,
    "capInsets": [
      0,
      0,
      0,
      0
    ],
    "vertices": {
      "rawPosition": [
        -100.5,
        -99,
        0,
        100.5,
        -99,
        0,
        -100.5,
        99,
        0,
        100.5,
        99,
        0
      ],
      "indexes": [
        0,
        1,
        2,
        2,
        1,
        3
      ],
      "uv": [
        19,
        214,
        220,
        214,
        19,
        16,
        220,
        16
      ],
      "nuv": [
        0.07916666666666666,
        0.07017543859649122,
        0.9166666666666666,
        0.07017543859649122,
        0.07916666666666666,
        0.9385964912280702,
        0.9166666666666666,
        0.9385964912280702
      ],
      "minPos": {
        "x": -100.5,
        "y": -99,
        "z": 0
      },
      "maxPos": {
        "x": 100.5,
        "y": 99,
        "z": 0
      }
    },
    "texture": "a62dbf8b-5cc3-43a9-a2f3-11bf259107ee@6c48a",
    "packable": true,
    "pixelsToUnit": 100,
    "pivot": {
      "x": 0.5,
      "y": 0.5
    },
    "meshType": 0
  }
}