{
  "__type__": "cc.SpriteFrame",
  "content": {
    "name": "zuan-animation 6",
    "atlas": "",
    "rect": {
      "x": 33,
      "y": 33,
      "width": 102,
      "height": 155
    },
    "offset": {
      "x": 2,
      "y": -2
    },
    "originalSize": {
      "width": 164,
      "height": 217
    },
    "rotated": false,
    "capInsets": [
      0,
      0,
      0,
      0
    ],
    "vertices": {
      "rawPosition": [
        -51,
        -77.5,
        0,
        51,
        -77.5,
        0,
        -51,
        77.5,
        0,
        51,
        77.5,
        0
      ],
      "indexes": [
        0,
        1,
        2,
        2,
        1,
        3
      ],
      "uv": [
        33,
        184,
        135,
        184,
        33,
        29,
        135,
        29
      ],
      "nuv": [
        0.20121951219512196,
        0.1336405529953917,
        0.823170731707317,
        0.1336405529953917,
        0.20121951219512196,
        0.847926267281106,
        0.823170731707317,
        0.847926267281106
      ],
      "minPos": {
        "x": -51,
        "y": -77.5,
        "z": 0
      },
      "maxPos": {
        "x": 51,
        "y": 77.5,
        "z": 0
      }
    },
    "texture": "a6440f2b-b60b-4ed3-a4da-c98a4b26606c@6c48a",
    "packable": true,
    "pixelsToUnit": 100,
    "pivot": {
      "x": 0.5,
      "y": 0.5
    },
    "meshType": 0
  }
}