{
  "__type__": "cc.SpriteFrame",
  "content": {
    "name": "skeleton-4 08",
    "atlas": "",
    "rect": {
      "x": 32,
      "y": 31,
      "width": 318,
      "height": 318
    },
    "offset": {
      "x": 0.5,
      "y": 0.5
    },
    "originalSize": {
      "width": 381,
      "height": 381
    },
    "rotated": false,
    "capInsets": [
      0,
      0,
      0,
      0
    ],
    "vertices": {
      "rawPosition": [
        -159,
        -159,
        0,
        159,
        -159,
        0,
        -159,
        159,
        0,
        159,
        159,
        0
      ],
      "indexes": [
        0,
        1,
        2,
        2,
        1,
        3
      ],
      "uv": [
        32,
        350,
        350,
        350,
        32,
        32,
        350,
        32
      ],
      "nuv": [
        0.08398950131233596,
        0.08398950131233596,
        0.9186351706036745,
        0.08398950131233596,
        0.08398950131233596,
        0.9186351706036745,
        0.9186351706036745,
        0.9186351706036745
      ],
      "minPos": {
        "x": -159,
        "y": -159,
        "z": 0
      },
      "maxPos": {
        "x": 159,
        "y": 159,
        "z": 0
      }
    },
    "texture": "a6d6933d-8a1b-455c-bdab-1ec1d498015e@6c48a",
    "packable": true,
    "pixelsToUnit": 100,
    "pivot": {
      "x": 0.5,
      "y": 0.5
    },
    "meshType": 0
  }
}