{
  "__type__": "cc.SpriteFrame",
  "content": {
    "name": "zhizhu-b 12",
    "atlas": "",
    "rect": {
      "x": 4,
      "y": 7,
      "width": 57,
      "height": 53
    },
    "offset": {
      "x": 1.5,
      "y": -2.5
    },
    "originalSize": {
      "width": 62,
      "height": 62
    },
    "rotated": false,
    "capInsets": [
      0,
      0,
      0,
      0
    ],
    "vertices": {
      "rawPosition": [
        -28.5,
        -26.5,
        0,
        28.5,
        -26.5,
        0,
        -28.5,
        26.5,
        0,
        28.5,
        26.5,
        0
      ],
      "indexes": [
        0,
        1,
        2,
        2,
        1,
        3
      ],
      "uv": [
        4,
        55,
        61,
        55,
        4,
        2,
        61,
        2
      ],
      "nuv": [
        0.06451612903225806,
        0.03225806451612903,
        0.9838709677419355,
        0.03225806451612903,
        0.06451612903225806,
        0.8870967741935484,
        0.9838709677419355,
        0.8870967741935484
      ],
      "minPos": {
        "x": -28.5,
        "y": -26.5,
        "z": 0
      },
      "maxPos": {
        "x": 28.5,
        "y": 26.5,
        "z": 0
      }
    },
    "texture": "521bab31-d282-476a-96da-4915c09e6cce@6c48a",
    "packable": true,
    "pixelsToUnit": 100,
    "pivot": {
      "x": 0.5,
      "y": 0.5
    },
    "meshType": 0
  }
}