{
  "__type__": "cc.SpriteFrame",
  "content": {
    "name": "huo-5 03",
    "atlas": "",
    "rect": {
      "x": 4,
      "y": 5,
      "width": 126,
      "height": 134
    },
    "offset": {
      "x": 0,
      "y": -0.5
    },
    "originalSize": {
      "width": 134,
      "height": 143
    },
    "rotated": false,
    "capInsets": [
      0,
      0,
      0,
      0
    ],
    "vertices": {
      "rawPosition": [
        -63,
        -67,
        0,
        63,
        -67,
        0,
        -63,
        67,
        0,
        63,
        67,
        0
      ],
      "indexes": [
        0,
        1,
        2,
        2,
        1,
        3
      ],
      "uv": [
        4,
        138,
        130,
        138,
        4,
        4,
        130,
        4
      ],
      "nuv": [
        0.029850746268656716,
        0.027972027972027972,
        0.9701492537313433,
        0.027972027972027972,
        0.029850746268656716,
        0.965034965034965,
        0.9701492537313433,
        0.965034965034965
      ],
      "minPos": {
        "x": -63,
        "y": -67,
        "z": 0
      },
      "maxPos": {
        "x": 63,
        "y": 67,
        "z": 0
      }
    },
    "texture": "52d213a3-f83a-489c-8114-1dac8e8a95d8@6c48a",
    "packable": true,
    "pixelsToUnit": 100,
    "pivot": {
      "x": 0.5,
      "y": 0.5
    },
    "meshType": 0
  }
}