{
  "__type__": "cc.SpriteFrame",
  "content": {
    "name": "8",
    "atlas": "",
    "rect": {
      "x": 4,
      "y": 0,
      "width": 80,
      "height": 153
    },
    "offset": {
      "x": 2,
      "y": 0
    },
    "originalSize": {
      "width": 84,
      "height": 153
    },
    "rotated": false,
    "capInsets": [
      0,
      0,
      0,
      0
    ],
    "vertices": {
      "rawPosition": [
        -40,
        -76.5,
        0,
        40,
        -76.5,
        0,
        -40,
        76.5,
        0,
        40,
        76.5,
        0
      ],
      "indexes": [
        0,
        1,
        2,
        2,
        1,
        3
      ],
      "uv": [
        4,
        153,
        84,
        153,
        4,
        0,
        84,
        0
      ],
      "nuv": [
        0.047619047619047616,
        0,
        1,
        0,
        0.047619047619047616,
        1,
        1,
        1
      ],
      "minPos": {
        "x": -40,
        "y": -76.5,
        "z": 0
      },
      "maxPos": {
        "x": 40,
        "y": 76.5,
        "z": 0
      }
    },
    "texture": "3810bb4d-7355-4769-9ab0-53f1dbf27360@6c48a",
    "packable": true,
    "pixelsToUnit": 100,
    "pivot": {
      "x": 0.5,
      "y": 0.5
    },
    "meshType": 0
  }
}