{
  "__type__": "cc.SpriteFrame",
  "content": {
    "name": "djg-1 06",
    "atlas": "",
    "rect": {
      "x": 30,
      "y": 30,
      "width": 33,
      "height": 33
    },
    "offset": {
      "x": 0,
      "y": 0
    },
    "originalSize": {
      "width": 93,
      "height": 93
    },
    "rotated": false,
    "capInsets": [
      0,
      0,
      0,
      0
    ],
    "vertices": {
      "rawPosition": [
        -16.5,
        -16.5,
        0,
        16.5,
        -16.5,
        0,
        -16.5,
        16.5,
        0,
        16.5,
        16.5,
        0
      ],
      "indexes": [
        0,
        1,
        2,
        2,
        1,
        3
      ],
      "uv": [
        30,
        63,
        63,
        63,
        30,
        30,
        63,
        30
      ],
      "nuv": [
        0.3225806451612903,
        0.3225806451612903,
        0.6774193548387096,
        0.3225806451612903,
        0.3225806451612903,
        0.6774193548387096,
        0.6774193548387096,
        0.6774193548387096
      ],
      "minPos": {
        "x": -16.5,
        "y": -16.5,
        "z": 0
      },
      "maxPos": {
        "x": 16.5,
        "y": 16.5,
        "z": 0
      }
    },
    "texture": "ab3254ee-8d5b-4c94-9a62-3d9ab2a358b3@6c48a",
    "packable": true,
    "pixelsToUnit": 100,
    "pivot": {
      "x": 0.5,
      "y": 0.5
    },
    "meshType": 0
  }
}