{
  "__type__": "cc.SpriteFrame",
  "content": {
    "name": "die4",
    "atlas": "",
    "rect": {
      "x": 47,
      "y": 12,
      "width": 130,
      "height": 107
    },
    "offset": {
      "x": 23.5,
      "y": 36
    },
    "originalSize": {
      "width": 177,
      "height": 203
    },
    "rotated": false,
    "capInsets": [
      0,
      0,
      0,
      0
    ],
    "vertices": {
      "rawPosition": [
        -65,
        -53.5,
        0,
        65,
        -53.5,
        0,
        -65,
        53.5,
        0,
        65,
        53.5,
        0
      ],
      "indexes": [
        0,
        1,
        2,
        2,
        1,
        3
      ],
      "uv": [
        47,
        191,
        177,
        191,
        47,
        84,
        177,
        84
      ],
      "nuv": [
        0.2655367231638418,
        0.41379310344827586,
        1,
        0.41379310344827586,
        0.2655367231638418,
        0.9408866995073891,
        1,
        0.9408866995073891
      ],
      "minPos": {
        "x": -65,
        "y": -53.5,
        "z": 0
      },
      "maxPos": {
        "x": 65,
        "y": 53.5,
        "z": 0
      }
    },
    "texture": "a8aacac4-dca0-4ddb-9742-b307086df2c3@6c48a",
    "packable": true,
    "pixelsToUnit": 100,
    "pivot": {
      "x": 0.5,
      "y": 0.5
    },
    "meshType": 0
  }
}