{
  "__type__": "cc.SpriteFrame",
  "content": {
    "name": "sd-lv-1 02",
    "atlas": "",
    "rect": {
      "x": 90,
      "y": 22,
      "width": 48,
      "height": 520
    },
    "offset": {
      "x": -8.5,
      "y": 33
    },
    "originalSize": {
      "width": 245,
      "height": 630
    },
    "rotated": false,
    "capInsets": [
      0,
      0,
      0,
      0
    ],
    "vertices": {
      "rawPosition": [
        -24,
        -260,
        0,
        24,
        -260,
        0,
        -24,
        260,
        0,
        24,
        260,
        0
      ],
      "indexes": [
        0,
        1,
        2,
        2,
        1,
        3
      ],
      "uv": [
        90,
        608,
        138,
        608,
        90,
        88,
        138,
        88
      ],
      "nuv": [
        0.3673469387755102,
        0.13968253968253969,
        0.563265306122449,
        0.13968253968253969,
        0.3673469387755102,
        0.9650793650793651,
        0.563265306122449,
        0.9650793650793651
      ],
      "minPos": {
        "x": -24,
        "y": -260,
        "z": 0
      },
      "maxPos": {
        "x": 24,
        "y": 260,
        "z": 0
      }
    },
    "texture": "4db9e465-c8fb-43dc-b936-6529f05aa111@6c48a",
    "packable": true,
    "pixelsToUnit": 100,
    "pivot": {
      "x": 0.5,
      "y": 0.5
    },
    "meshType": 0
  }
}