{
  "__type__": "cc.SpriteFrame",
  "content": {
    "name": "redboxbg",
    "atlas": "",
    "rect": {
      "x": 0,
      "y": 26,
      "width": 720,
      "height": 1071
    },
    "offset": {
      "x": 0,
      "y": -1
    },
    "originalSize": {
      "width": 720,
      "height": 1121
    },
    "rotated": false,
    "capInsets": [
      0,
      0,
      0,
      0
    ],
    "vertices": {
      "rawPosition": [
        -360,
        -535.5,
        0,
        360,
        -535.5,
        0,
        -360,
        535.5,
        0,
        360,
        535.5,
        0
      ],
      "indexes": [
        0,
        1,
        2,
        2,
        1,
        3
      ],
      "uv": [
        0,
        1095,
        720,
        1095,
        0,
        24,
        720,
        24
      ],
      "nuv": [
        0,
        0.021409455842997322,
        1,
        0.021409455842997322,
        0,
        0.9768064228367529,
        1,
        0.9768064228367529
      ],
      "minPos": {
        "x": -360,
        "y": -535.5,
        "z": 0
      },
      "maxPos": {
        "x": 360,
        "y": 535.5,
        "z": 0
      }
    },
    "texture": "5b064a3b-963f-4231-ae16-f5d9c35c1f51@6c48a",
    "packable": true,
    "pixelsToUnit": 100,
    "pivot": {
      "x": 0.5,
      "y": 0.5
    },
    "meshType": 0
  }
}