{
  "__type__": "cc.SpriteFrame",
  "content": {
    "name": "ui_pyramid",
    "atlas": "",
    "rect": {
      "x": 4,
      "y": 9,
      "width": 78,
      "height": 80
    },
    "offset": {
      "x": -3.5,
      "y": -2.5
    },
    "originalSize": {
      "width": 93,
      "height": 93
    },
    "rotated": false,
    "capInsets": [
      0,
      0,
      0,
      0
    ],
    "vertices": {
      "rawPosition": [
        -39,
        -40,
        0,
        39,
        -40,
        0,
        -39,
        40,
        0,
        39,
        40,
        0
      ],
      "indexes": [
        0,
        1,
        2,
        2,
        1,
        3
      ],
      "uv": [
        4,
        84,
        82,
        84,
        4,
        4,
        82,
        4
      ],
      "nuv": [
        0.043010752688172046,
        0.043010752688172046,
        0.8817204301075269,
        0.043010752688172046,
        0.043010752688172046,
        0.9032258064516129,
        0.8817204301075269,
        0.9032258064516129
      ],
      "minPos": {
        "x": -39,
        "y": -40,
        "z": 0
      },
      "maxPos": {
        "x": 39,
        "y": 40,
        "z": 0
      }
    },
    "texture": "5bd69f97-a9bb-4440-bb94-22eed049a6aa@6c48a",
    "packable": true,
    "pixelsToUnit": 100,
    "pivot": {
      "x": 0.5,
      "y": 0.5
    },
    "meshType": 0
  }
}