{
  "__type__": "cc.SpriteFrame",
  "content": {
    "name": "qqa4",
    "atlas": "",
    "rect": {
      "x": 0,
      "y": 1,
      "width": 129,
      "height": 137
    },
    "offset": {
      "x": -2,
      "y": 1.5
    },
    "originalSize": {
      "width": 133,
      "height": 142
    },
    "rotated": false,
    "capInsets": [
      0,
      0,
      0,
      0
    ],
    "vertices": {
      "rawPosition": [
        -64.5,
        -68.5,
        0,
        64.5,
        -68.5,
        0,
        -64.5,
        68.5,
        0,
        64.5,
        68.5,
        0
      ],
      "indexes": [
        0,
        1,
        2,
        2,
        1,
        3
      ],
      "uv": [
        0,
        141,
        129,
        141,
        0,
        4,
        129,
        4
      ],
      "nuv": [
        0,
        0.028169014084507043,
        0.9699248120300752,
        0.028169014084507043,
        0,
        0.9929577464788732,
        0.9699248120300752,
        0.9929577464788732
      ],
      "minPos": {
        "x": -64.5,
        "y": -68.5,
        "z": 0
      },
      "maxPos": {
        "x": 64.5,
        "y": 68.5,
        "z": 0
      }
    },
    "texture": "473156b5-a7c8-4b8f-ac4e-be1f0bbaf5ac@6c48a",
    "packable": true,
    "pixelsToUnit": 100,
    "pivot": {
      "x": 0.5,
      "y": 0.5
    },
    "meshType": 0
  }
}