{
  "__type__": "cc.SpriteFrame",
  "content": {
    "name": "leida-Bdie 02",
    "atlas": "",
    "rect": {
      "x": 6,
      "y": 19,
      "width": 60,
      "height": 49
    },
    "offset": {
      "x": 1,
      "y": -9.5
    },
    "originalSize": {
      "width": 70,
      "height": 68
    },
    "rotated": false,
    "capInsets": [
      0,
      0,
      0,
      0
    ],
    "vertices": {
      "rawPosition": [
        -30,
        -24.5,
        0,
        30,
        -24.5,
        0,
        -30,
        24.5,
        0,
        30,
        24.5,
        0
      ],
      "indexes": [
        0,
        1,
        2,
        2,
        1,
        3
      ],
      "uv": [
        6,
        49,
        66,
        49,
        6,
        0,
        66,
        0
      ],
      "nuv": [
        0.08571428571428572,
        0,
        0.9428571428571428,
        0,
        0.08571428571428572,
        0.7205882352941176,
        0.9428571428571428,
        0.7205882352941176
      ],
      "minPos": {
        "x": -30,
        "y": -24.5,
        "z": 0
      },
      "maxPos": {
        "x": 30,
        "y": 24.5,
        "z": 0
      }
    },
    "texture": "4758980c-48da-4e09-a0d2-6aae2831c5e0@6c48a",
    "packable": true,
    "pixelsToUnit": 100,
    "pivot": {
      "x": 0.5,
      "y": 0.5
    },
    "meshType": 0
  }
}