{
  "__type__": "cc.SpriteFrame",
  "content": {
    "name": "jqr-blue 00",
    "atlas": "",
    "rect": {
      "x": 12,
      "y": 13,
      "width": 150,
      "height": 190
    },
    "offset": {
      "x": -1.5,
      "y": -6.5
    },
    "originalSize": {
      "width": 177,
      "height": 203
    },
    "rotated": false,
    "capInsets": [
      0,
      0,
      0,
      0
    ],
    "vertices": {
      "rawPosition": [
        -75,
        -95,
        0,
        75,
        -95,
        0,
        -75,
        95,
        0,
        75,
        95,
        0
      ],
      "indexes": [
        0,
        1,
        2,
        2,
        1,
        3
      ],
      "uv": [
        12,
        190,
        162,
        190,
        12,
        0,
        162,
        0
      ],
      "nuv": [
        0.06779661016949153,
        0,
        0.9152542372881356,
        0,
        0.06779661016949153,
        0.9359605911330049,
        0.9152542372881356,
        0.9359605911330049
      ],
      "minPos": {
        "x": -75,
        "y": -95,
        "z": 0
      },
      "maxPos": {
        "x": 75,
        "y": 95,
        "z": 0
      }
    },
    "texture": "476923ed-4f5c-418e-bd11-9744b334a4f4@6c48a",
    "packable": true,
    "pixelsToUnit": 100,
    "pivot": {
      "x": 0.5,
      "y": 0.5
    },
    "meshType": 0
  }
}