{
  "__type__": "cc.SpriteFrame",
  "content": {
    "name": "mifeng-a 06",
    "atlas": "",
    "rect": {
      "x": 5,
      "y": 1,
      "width": 68,
      "height": 67
    },
    "offset": {
      "x": 1,
      "y": 0.5
    },
    "originalSize": {
      "width": 76,
      "height": 70
    },
    "rotated": false,
    "capInsets": [
      0,
      0,
      0,
      0
    ],
    "vertices": {
      "rawPosition": [
        -34,
        -33.5,
        0,
        34,
        -33.5,
        0,
        -34,
        33.5,
        0,
        34,
        33.5,
        0
      ],
      "indexes": [
        0,
        1,
        2,
        2,
        1,
        3
      ],
      "uv": [
        5,
        69,
        73,
        69,
        5,
        2,
        73,
        2
      ],
      "nuv": [
        0.06578947368421052,
        0.02857142857142857,
        0.9605263157894737,
        0.02857142857142857,
        0.06578947368421052,
        0.9857142857142858,
        0.9605263157894737,
        0.9857142857142858
      ],
      "minPos": {
        "x": -34,
        "y": -33.5,
        "z": 0
      },
      "maxPos": {
        "x": 34,
        "y": 33.5,
        "z": 0
      }
    },
    "texture": "76563987-1c77-494f-8959-48e95fbcf089@6c48a",
    "packable": true,
    "pixelsToUnit": 100,
    "pivot": {
      "x": 0.5,
      "y": 0.5
    },
    "meshType": 0
  }
}