{
  "__type__": "cc.SpriteFrame",
  "content": {
    "name": "bx2",
    "atlas": "",
    "rect": {
      "x": 2,
      "y": 2,
      "width": 63,
      "height": 65
    },
    "offset": {
      "x": 1,
      "y": -0.5
    },
    "originalSize": {
      "width": 65,
      "height": 68
    },
    "rotated": false,
    "capInsets": [
      0,
      0,
      0,
      0
    ],
    "vertices": {
      "rawPosition": [
        -31.5,
        -32.5,
        0,
        31.5,
        -32.5,
        0,
        -31.5,
        32.5,
        0,
        31.5,
        32.5,
        0
      ],
      "indexes": [
        0,
        1,
        2,
        2,
        1,
        3
      ],
      "uv": [
        2,
        66,
        65,
        66,
        2,
        1,
        65,
        1
      ],
      "nuv": [
        0.03076923076923077,
        0.014705882352941176,
        1,
        0.014705882352941176,
        0.03076923076923077,
        0.9705882352941176,
        1,
        0.9705882352941176
      ],
      "minPos": {
        "x": -31.5,
        "y": -32.5,
        "z": 0
      },
      "maxPos": {
        "x": 31.5,
        "y": 32.5,
        "z": 0
      }
    },
    "texture": "767a657a-091e-4b93-b08c-a24d532fae43@6c48a",
    "packable": true,
    "pixelsToUnit": 100,
    "pivot": {
      "x": 0.5,
      "y": 0.5
    },
    "meshType": 0
  }
}