{
  "__type__": "cc.SpriteFrame",
  "content": {
    "name": "s0",
    "atlas": "",
    "rect": {
      "x": 17,
      "y": 0,
      "width": 264,
      "height": 332
    },
    "offset": {
      "x": 4.5,
      "y": 0
    },
    "originalSize": {
      "width": 289,
      "height": 332
    },
    "rotated": false,
    "capInsets": [
      0,
      0,
      0,
      0
    ],
    "vertices": {
      "rawPosition": [
        -132,
        -166,
        0,
        132,
        -166,
        0,
        -132,
        166,
        0,
        132,
        166,
        0
      ],
      "indexes": [
        0,
        1,
        2,
        2,
        1,
        3
      ],
      "uv": [
        17,
        332,
        281,
        332,
        17,
        0,
        281,
        0
      ],
      "nuv": [
        0.058823529411764705,
        0,
        0.972318339100346,
        0,
        0.058823529411764705,
        1,
        0.972318339100346,
        1
      ],
      "minPos": {
        "x": -132,
        "y": -166,
        "z": 0
      },
      "maxPos": {
        "x": 132,
        "y": 166,
        "z": 0
      }
    },
    "texture": "7682d316-f0a1-4615-a9dd-23a29aec851b@6c48a",
    "packable": true,
    "pixelsToUnit": 100,
    "pivot": {
      "x": 0.5,
      "y": 0.5
    },
    "meshType": 0
  }
}