{
  "__type__": "cc.SpriteFrame",
  "content": {
    "name": "pig-animation_12",
    "atlas": "",
    "rect": {
      "x": 0,
      "y": 0,
      "width": 51,
      "height": 40
    },
    "offset": {
      "x": -1.5,
      "y": 0.5
    },
    "originalSize": {
      "width": 54,
      "height": 41
    },
    "rotated": false,
    "capInsets": [
      0,
      0,
      0,
      0
    ],
    "vertices": {
      "rawPosition": [
        -25.5,
        -20,
        0,
        25.5,
        -20,
        0,
        -25.5,
        20,
        0,
        25.5,
        20,
        0
      ],
      "indexes": [
        0,
        1,
        2,
        2,
        1,
        3
      ],
      "uv": [
        0,
        41,
        51,
        41,
        0,
        1,
        51,
        1
      ],
      "nuv": [
        0,
        0.024390243902439025,
        0.9444444444444444,
        0.024390243902439025,
        0,
        1,
        0.9444444444444444,
        1
      ],
      "minPos": {
        "x": -25.5,
        "y": -20,
        "z": 0
      },
      "maxPos": {
        "x": 25.5,
        "y": 20,
        "z": 0
      }
    },
    "texture": "76ec1241-3b5f-4cbe-933c-f715f55912e2@6c48a",
    "packable": true,
    "pixelsToUnit": 100,
    "pivot": {
      "x": 0.5,
      "y": 0.5
    },
    "meshType": 0
  }
}