{
  "__type__": "cc.SpriteFrame",
  "content": {
    "name": "zhizhu-a2 0",
    "atlas": "",
    "rect": {
      "x": 4,
      "y": 7,
      "width": 56,
      "height": 51
    },
    "offset": {
      "x": 1,
      "y": -1.5
    },
    "originalSize": {
      "width": 62,
      "height": 62
    },
    "rotated": false,
    "capInsets": [
      0,
      0,
      0,
      0
    ],
    "vertices": {
      "rawPosition": [
        -28,
        -25.5,
        0,
        28,
        -25.5,
        0,
        -28,
        25.5,
        0,
        28,
        25.5,
        0
      ],
      "indexes": [
        0,
        1,
        2,
        2,
        1,
        3
      ],
      "uv": [
        4,
        55,
        60,
        55,
        4,
        4,
        60,
        4
      ],
      "nuv": [
        0.06451612903225806,
        0.06451612903225806,
        0.967741935483871,
        0.06451612903225806,
        0.06451612903225806,
        0.8870967741935484,
        0.967741935483871,
        0.8870967741935484
      ],
      "minPos": {
        "x": -28,
        "y": -25.5,
        "z": 0
      },
      "maxPos": {
        "x": 28,
        "y": 25.5,
        "z": 0
      }
    },
    "texture": "ecf281d1-0437-40bd-8126-bef7830cf5aa@6c48a",
    "packable": true,
    "pixelsToUnit": 100,
    "pivot": {
      "x": 0.5,
      "y": 0.5
    },
    "meshType": 0
  }
}