{
  "__type__": "cc.SpriteFrame",
  "content": {
    "name": "die2",
    "atlas": "",
    "rect": {
      "x": 1,
      "y": 0,
      "width": 43,
      "height": 48
    },
    "offset": {
      "x": -1.5,
      "y": 1.5
    },
    "originalSize": {
      "width": 48,
      "height": 51
    },
    "rotated": false,
    "capInsets": [
      0,
      0,
      0,
      0
    ],
    "vertices": {
      "rawPosition": [
        -21.5,
        -24,
        0,
        21.5,
        -24,
        0,
        -21.5,
        24,
        0,
        21.5,
        24,
        0
      ],
      "indexes": [
        0,
        1,
        2,
        2,
        1,
        3
      ],
      "uv": [
        1,
        51,
        44,
        51,
        1,
        3,
        44,
        3
      ],
      "nuv": [
        0.020833333333333332,
        0.058823529411764705,
        0.9166666666666666,
        0.058823529411764705,
        0.020833333333333332,
        1,
        0.9166666666666666,
        1
      ],
      "minPos": {
        "x": -21.5,
        "y": -24,
        "z": 0
      },
      "maxPos": {
        "x": 21.5,
        "y": 24,
        "z": 0
      }
    },
    "texture": "fc284016-1a16-4568-99de-88d906b6fa3e@6c48a",
    "packable": true,
    "pixelsToUnit": 100,
    "pivot": {
      "x": 0.5,
      "y": 0.5
    },
    "meshType": 0
  }
}