{
  "__type__": "cc.SpriteFrame",
  "content": {
    "name": "pd",
    "atlas": "",
    "rect": {
      "x": 2,
      "y": 2,
      "width": 170,
      "height": 121
    },
    "offset": {
      "x": -41,
      "y": 1.5
    },
    "originalSize": {
      "width": 256,
      "height": 128
    },
    "rotated": false,
    "capInsets": [
      0,
      0,
      0,
      0
    ],
    "vertices": {
      "rawPosition": [
        -85,
        -60.5,
        0,
        85,
        -60.5,
        0,
        -85,
        60.5,
        0,
        85,
        60.5,
        0
      ],
      "indexes": [
        0,
        1,
        2,
        2,
        1,
        3
      ],
      "uv": [
        2,
        126,
        172,
        126,
        2,
        5,
        172,
        5
      ],
      "nuv": [
        0.0078125,
        0.0390625,
        0.671875,
        0.0390625,
        0.0078125,
        0.984375,
        0.671875,
        0.984375
      ],
      "minPos": {
        "x": -85,
        "y": -60.5,
        "z": 0
      },
      "maxPos": {
        "x": 85,
        "y": 60.5,
        "z": 0
      }
    },
    "texture": "fc642c88-d2ed-4025-86c5-98396ee892f1@6c48a",
    "packable": true,
    "pixelsToUnit": 100,
    "pivot": {
      "x": 0.5,
      "y": 0.5
    },
    "meshType": 0
  }
}