{
  "__type__": "cc.SpriteFrame",
  "content": {
    "name": "kk6",
    "atlas": "",
    "rect": {
      "x": 31,
      "y": 6,
      "width": 187,
      "height": 138
    },
    "offset": {
      "x": 14.5,
      "y": 6
    },
    "originalSize": {
      "width": 220,
      "height": 162
    },
    "rotated": false,
    "capInsets": [
      0,
      0,
      0,
      0
    ],
    "vertices": {
      "rawPosition": [
        -93.5,
        -69,
        0,
        93.5,
        -69,
        0,
        -93.5,
        69,
        0,
        93.5,
        69,
        0
      ],
      "indexes": [
        0,
        1,
        2,
        2,
        1,
        3
      ],
      "uv": [
        31,
        156,
        218,
        156,
        31,
        18,
        218,
        18
      ],
      "nuv": [
        0.1409090909090909,
        0.1111111111111111,
        0.990909090909091,
        0.1111111111111111,
        0.1409090909090909,
        0.9629629629629629,
        0.990909090909091,
        0.9629629629629629
      ],
      "minPos": {
        "x": -93.5,
        "y": -69,
        "z": 0
      },
      "maxPos": {
        "x": 93.5,
        "y": 69,
        "z": 0
      }
    },
    "texture": "80083ab8-86a8-406b-bd5b-3730f54b46e5@6c48a",
    "packable": true,
    "pixelsToUnit": 100,
    "pivot": {
      "x": 0.5,
      "y": 0.5
    },
    "meshType": 0
  }
}