{
  "__type__": "cc.SpriteFrame",
  "content": {
    "name": "ui_zdjn",
    "atlas": "",
    "rect": {
      "x": 18,
      "y": 0,
      "width": 346,
      "height": 101
    },
    "offset": {
      "x": 9,
      "y": 0
    },
    "originalSize": {
      "width": 364,
      "height": 101
    },
    "rotated": false,
    "capInsets": [
      0,
      0,
      0,
      0
    ],
    "vertices": {
      "rawPosition": [
        -173,
        -50.5,
        0,
        173,
        -50.5,
        0,
        -173,
        50.5,
        0,
        173,
        50.5,
        0
      ],
      "indexes": [
        0,
        1,
        2,
        2,
        1,
        3
      ],
      "uv": [
        18,
        101,
        364,
        101,
        18,
        0,
        364,
        0
      ],
      "nuv": [
        0.04945054945054945,
        0,
        1,
        0,
        0.04945054945054945,
        1,
        1,
        1
      ],
      "minPos": {
        "x": -173,
        "y": -50.5,
        "z": 0
      },
      "maxPos": {
        "x": 173,
        "y": 50.5,
        "z": 0
      }
    },
    "texture": "80b4a020-5703-46ed-8e5e-6c82a9da9564@6c48a",
    "packable": true,
    "pixelsToUnit": 100,
    "pivot": {
      "x": 0.5,
      "y": 0.5
    },
    "meshType": 0
  }
}