{
  "__type__": "cc.SpriteFrame",
  "content": {
    "name": "die1",
    "atlas": "",
    "rect": {
      "x": 0,
      "y": 2,
      "width": 43,
      "height": 42
    },
    "offset": {
      "x": 0,
      "y": 1
    },
    "originalSize": {
      "width": 43,
      "height": 48
    },
    "rotated": false,
    "capInsets": [
      0,
      0,
      0,
      0
    ],
    "vertices": {
      "rawPosition": [
        -21.5,
        -21,
        0,
        21.5,
        -21,
        0,
        -21.5,
        21,
        0,
        21.5,
        21,
        0
      ],
      "indexes": [
        0,
        1,
        2,
        2,
        1,
        3
      ],
      "uv": [
        0,
        46,
        43,
        46,
        0,
        4,
        43,
        4
      ],
      "nuv": [
        0,
        0.08333333333333333,
        1,
        0.08333333333333333,
        0,
        0.9583333333333334,
        1,
        0.9583333333333334
      ],
      "minPos": {
        "x": -21.5,
        "y": -21,
        "z": 0
      },
      "maxPos": {
        "x": 21.5,
        "y": 21,
        "z": 0
      }
    },
    "texture": "80bc9dbf-0e2a-406c-9d6b-b37e87aee77a@6c48a",
    "packable": true,
    "pixelsToUnit": 100,
    "pivot": {
      "x": 0.5,
      "y": 0.5
    },
    "meshType": 0
  }
}