{
  "__type__": "cc.SpriteFrame",
  "content": {
    "name": "pig-animation_08",
    "atlas": "",
    "rect": {
      "x": 0,
      "y": 0,
      "width": 52,
      "height": 40
    },
    "offset": {
      "x": -1,
      "y": 0.5
    },
    "originalSize": {
      "width": 54,
      "height": 41
    },
    "rotated": false,
    "capInsets": [
      0,
      0,
      0,
      0
    ],
    "vertices": {
      "rawPosition": [
        -26,
        -20,
        0,
        26,
        -20,
        0,
        -26,
        20,
        0,
        26,
        20,
        0
      ],
      "indexes": [
        0,
        1,
        2,
        2,
        1,
        3
      ],
      "uv": [
        0,
        41,
        52,
        41,
        0,
        1,
        52,
        1
      ],
      "nuv": [
        0,
        0.024390243902439025,
        0.9629629629629629,
        0.024390243902439025,
        0,
        1,
        0.9629629629629629,
        1
      ],
      "minPos": {
        "x": -26,
        "y": -20,
        "z": 0
      },
      "maxPos": {
        "x": 26,
        "y": 20,
        "z": 0
      }
    },
    "texture": "80e20568-1422-4c63-97ef-90a403e2755e@6c48a",
    "packable": true,
    "pixelsToUnit": 100,
    "pivot": {
      "x": 0.5,
      "y": 0.5
    },
    "meshType": 0
  }
}