{
  "__type__": "cc.SpriteFrame",
  "content": {
    "name": "ddd2",
    "atlas": "",
    "rect": {
      "x": 0,
      "y": 0,
      "width": 128,
      "height": 128
    },
    "offset": {
      "x": -0.5,
      "y": 0.5
    },
    "originalSize": {
      "width": 129,
      "height": 129
    },
    "rotated": false,
    "capInsets": [
      0,
      0,
      0,
      0
    ],
    "vertices": {
      "rawPosition": [
        -64,
        -64,
        0,
        64,
        -64,
        0,
        -64,
        64,
        0,
        64,
        64,
        0
      ],
      "indexes": [
        0,
        1,
        2,
        2,
        1,
        3
      ],
      "uv": [
        0,
        129,
        128,
        129,
        0,
        1,
        128,
        1
      ],
      "nuv": [
        0,
        0.007751937984496124,
        0.9922480620155039,
        0.007751937984496124,
        0,
        1,
        0.9922480620155039,
        1
      ],
      "minPos": {
        "x": -64,
        "y": -64,
        "z": 0
      },
      "maxPos": {
        "x": 64,
        "y": 64,
        "z": 0
      }
    },
    "texture": "d7112ace-6671-45c2-9271-838877a162fd@6c48a",
    "packable": true,
    "pixelsToUnit": 100,
    "pivot": {
      "x": 0.5,
      "y": 0.5
    },
    "meshType": 0
  }
}