{
  "__type__": "cc.SpriteFrame",
  "content": {
    "name": "qqa5",
    "atlas": "",
    "rect": {
      "x": 1,
      "y": 0,
      "width": 131,
      "height": 141
    },
    "offset": {
      "x": 0,
      "y": 0.5
    },
    "originalSize": {
      "width": 133,
      "height": 142
    },
    "rotated": false,
    "capInsets": [
      0,
      0,
      0,
      0
    ],
    "vertices": {
      "rawPosition": [
        -65.5,
        -70.5,
        0,
        65.5,
        -70.5,
        0,
        -65.5,
        70.5,
        0,
        65.5,
        70.5,
        0
      ],
      "indexes": [
        0,
        1,
        2,
        2,
        1,
        3
      ],
      "uv": [
        1,
        142,
        132,
        142,
        1,
        1,
        132,
        1
      ],
      "nuv": [
        0.007518796992481203,
        0.007042253521126761,
        0.9924812030075187,
        0.007042253521126761,
        0.007518796992481203,
        1,
        0.9924812030075187,
        1
      ],
      "minPos": {
        "x": -65.5,
        "y": -70.5,
        "z": 0
      },
      "maxPos": {
        "x": 65.5,
        "y": 70.5,
        "z": 0
      }
    },
    "texture": "a9db632d-d3a8-482f-a709-463ea7f2785d@6c48a",
    "packable": true,
    "pixelsToUnit": 100,
    "pivot": {
      "x": 0.5,
      "y": 0.5
    },
    "meshType": 0
  }
}