{
  "__type__": "cc.SpriteFrame",
  "content": {
    "name": "xing-animation 07",
    "atlas": "",
    "rect": {
      "x": 178,
      "y": 24,
      "width": 384,
      "height": 77
    },
    "offset": {
      "x": 68.5,
      "y": 0
    },
    "originalSize": {
      "width": 603,
      "height": 125
    },
    "rotated": false,
    "capInsets": [
      0,
      0,
      0,
      0
    ],
    "vertices": {
      "rawPosition": [
        -192,
        -38.5,
        0,
        192,
        -38.5,
        0,
        -192,
        38.5,
        0,
        192,
        38.5,
        0
      ],
      "indexes": [
        0,
        1,
        2,
        2,
        1,
        3
      ],
      "uv": [
        178,
        101,
        562,
        101,
        178,
        24,
        562,
        24
      ],
      "nuv": [
        0.29519071310116085,
        0.192,
        0.9320066334991708,
        0.192,
        0.29519071310116085,
        0.808,
        0.9320066334991708,
        0.808
      ],
      "minPos": {
        "x": -192,
        "y": -38.5,
        "z": 0
      },
      "maxPos": {
        "x": 192,
        "y": 38.5,
        "z": 0
      }
    },
    "texture": "15749af0-bd30-41b3-b898-656c544081c9@6c48a",
    "packable": true,
    "pixelsToUnit": 100,
    "pivot": {
      "x": 0.5,
      "y": 0.5
    },
    "meshType": 0
  }
}