{
  "__type__": "cc.SpriteFrame",
  "content": {
    "name": "sd-huang-1 11",
    "atlas": "",
    "rect": {
      "x": 9,
      "y": 7,
      "width": 236,
      "height": 623
    },
    "offset": {
      "x": 4.5,
      "y": -3.5
    },
    "originalSize": {
      "width": 245,
      "height": 630
    },
    "rotated": false,
    "capInsets": [
      0,
      0,
      0,
      0
    ],
    "vertices": {
      "rawPosition": [
        -118,
        -311.5,
        0,
        118,
        -311.5,
        0,
        -118,
        311.5,
        0,
        118,
        311.5,
        0
      ],
      "indexes": [
        0,
        1,
        2,
        2,
        1,
        3
      ],
      "uv": [
        9,
        623,
        245,
        623,
        9,
        0,
        245,
        0
      ],
      "nuv": [
        0.036734693877551024,
        0,
        1,
        0,
        0.036734693877551024,
        0.9888888888888889,
        1,
        0.9888888888888889
      ],
      "minPos": {
        "x": -118,
        "y": -311.5,
        "z": 0
      },
      "maxPos": {
        "x": 118,
        "y": 311.5,
        "z": 0
      }
    },
    "texture": "3bb38dad-3939-40e0-838f-d0e71d9cd38b@6c48a",
    "packable": true,
    "pixelsToUnit": 100,
    "pivot": {
      "x": 0.5,
      "y": 0.5
    },
    "meshType": 0
  }
}