{
  "__type__": "cc.SpriteFrame",
  "content": {
    "name": "kk7",
    "atlas": "",
    "rect": {
      "x": 31,
      "y": 17,
      "width": 147,
      "height": 118
    },
    "offset": {
      "x": -5.5,
      "y": 5
    },
    "originalSize": {
      "width": 220,
      "height": 162
    },
    "rotated": false,
    "capInsets": [
      0,
      0,
      0,
      0
    ],
    "vertices": {
      "rawPosition": [
        -73.5,
        -59,
        0,
        73.5,
        -59,
        0,
        -73.5,
        59,
        0,
        73.5,
        59,
        0
      ],
      "indexes": [
        0,
        1,
        2,
        2,
        1,
        3
      ],
      "uv": [
        31,
        145,
        178,
        145,
        31,
        27,
        178,
        27
      ],
      "nuv": [
        0.1409090909090909,
        0.16666666666666666,
        0.8090909090909091,
        0.16666666666666666,
        0.1409090909090909,
        0.8950617283950617,
        0.8090909090909091,
        0.8950617283950617
      ],
      "minPos": {
        "x": -73.5,
        "y": -59,
        "z": 0
      },
      "maxPos": {
        "x": 73.5,
        "y": 59,
        "z": 0
      }
    },
    "texture": "740040bc-a7a5-4532-ac9e-06bf4d97c70a@6c48a",
    "packable": true,
    "pixelsToUnit": 100,
    "pivot": {
      "x": 0.5,
      "y": 0.5
    },
    "meshType": 0
  }
}