{
  "__type__": "cc.SpriteFrame",
  "content": {
    "name": "xing-animation 04",
    "atlas": "",
    "rect": {
      "x": 397,
      "y": 38,
      "width": 165,
      "height": 50
    },
    "offset": {
      "x": 178,
      "y": -0.5
    },
    "originalSize": {
      "width": 603,
      "height": 125
    },
    "rotated": false,
    "capInsets": [
      0,
      0,
      0,
      0
    ],
    "vertices": {
      "rawPosition": [
        -82.5,
        -25,
        0,
        82.5,
        -25,
        0,
        -82.5,
        25,
        0,
        82.5,
        25,
        0
      ],
      "indexes": [
        0,
        1,
        2,
        2,
        1,
        3
      ],
      "uv": [
        397,
        87,
        562,
        87,
        397,
        37,
        562,
        37
      ],
      "nuv": [
        0.6583747927031509,
        0.296,
        0.9320066334991708,
        0.296,
        0.6583747927031509,
        0.696,
        0.9320066334991708,
        0.696
      ],
      "minPos": {
        "x": -82.5,
        "y": -25,
        "z": 0
      },
      "maxPos": {
        "x": 82.5,
        "y": 25,
        "z": 0
      }
    },
    "texture": "74af1433-123f-4dfb-ae45-f5334db0587b@6c48a",
    "packable": true,
    "pixelsToUnit": 100,
    "pivot": {
      "x": 0.5,
      "y": 0.5
    },
    "meshType": 0
  }
}