{
  "__type__": "cc.SpriteFrame",
  "content": {
    "name": "mifeng-a 00",
    "atlas": "",
    "rect": {
      "x": 3,
      "y": 2,
      "width": 62,
      "height": 66
    },
    "offset": {
      "x": -4,
      "y": 0
    },
    "originalSize": {
      "width": 76,
      "height": 70
    },
    "rotated": false,
    "capInsets": [
      0,
      0,
      0,
      0
    ],
    "vertices": {
      "rawPosition": [
        -31,
        -33,
        0,
        31,
        -33,
        0,
        -31,
        33,
        0,
        31,
        33,
        0
      ],
      "indexes": [
        0,
        1,
        2,
        2,
        1,
        3
      ],
      "uv": [
        3,
        68,
        65,
        68,
        3,
        2,
        65,
        2
      ],
      "nuv": [
        0.039473684210526314,
        0.02857142857142857,
        0.8552631578947368,
        0.02857142857142857,
        0.039473684210526314,
        0.9714285714285714,
        0.8552631578947368,
        0.9714285714285714
      ],
      "minPos": {
        "x": -31,
        "y": -33,
        "z": 0
      },
      "maxPos": {
        "x": 31,
        "y": 33,
        "z": 0
      }
    },
    "texture": "1ad12d47-4ca4-49d9-a2b6-385fe4a7be99@6c48a",
    "packable": true,
    "pixelsToUnit": 100,
    "pivot": {
      "x": 0.5,
      "y": 0.5
    },
    "meshType": 0
  }
}