{
  "__type__": "cc.SpriteFrame",
  "content": {
    "name": "djg-1 04",
    "atlas": "",
    "rect": {
      "x": 35,
      "y": 36,
      "width": 22,
      "height": 22
    },
    "offset": {
      "x": -0.5,
      "y": -0.5
    },
    "originalSize": {
      "width": 93,
      "height": 93
    },
    "rotated": false,
    "capInsets": [
      0,
      0,
      0,
      0
    ],
    "vertices": {
      "rawPosition": [
        -11,
        -11,
        0,
        11,
        -11,
        0,
        -11,
        11,
        0,
        11,
        11,
        0
      ],
      "indexes": [
        0,
        1,
        2,
        2,
        1,
        3
      ],
      "uv": [
        35,
        57,
        57,
        57,
        35,
        35,
        57,
        35
      ],
      "nuv": [
        0.3763440860215054,
        0.3763440860215054,
        0.6129032258064516,
        0.3763440860215054,
        0.3763440860215054,
        0.6129032258064516,
        0.6129032258064516,
        0.6129032258064516
      ],
      "minPos": {
        "x": -11,
        "y": -11,
        "z": 0
      },
      "maxPos": {
        "x": 11,
        "y": 11,
        "z": 0
      }
    },
    "texture": "1196b7b8-79ff-4d6c-b372-948275403998@6c48a",
    "packable": true,
    "pixelsToUnit": 100,
    "pivot": {
      "x": 0.5,
      "y": 0.5
    },
    "meshType": 0
  }
}