{
  "__type__": "cc.SpriteFrame",
  "content": {
    "name": "dog-b_00",
    "atlas": "",
    "rect": {
      "x": 1,
      "y": 6,
      "width": 50,
      "height": 50
    },
    "offset": {
      "x": -1,
      "y": -3
    },
    "originalSize": {
      "width": 54,
      "height": 56
    },
    "rotated": false,
    "capInsets": [
      0,
      0,
      0,
      0
    ],
    "vertices": {
      "rawPosition": [
        -25,
        -25,
        0,
        25,
        -25,
        0,
        -25,
        25,
        0,
        25,
        25,
        0
      ],
      "indexes": [
        0,
        1,
        2,
        2,
        1,
        3
      ],
      "uv": [
        1,
        50,
        51,
        50,
        1,
        0,
        51,
        0
      ],
      "nuv": [
        0.018518518518518517,
        0,
        0.9444444444444444,
        0,
        0.018518518518518517,
        0.8928571428571429,
        0.9444444444444444,
        0.8928571428571429
      ],
      "minPos": {
        "x": -25,
        "y": -25,
        "z": 0
      },
      "maxPos": {
        "x": 25,
        "y": 25,
        "z": 0
      }
    },
    "texture": "11972087-4ede-443e-957b-02921fc97a16@6c48a",
    "packable": true,
    "pixelsToUnit": 100,
    "pivot": {
      "x": 0.5,
      "y": 0.5
    },
    "meshType": 0
  }
}