{
  "__type__": "cc.SpriteFrame",
  "content": {
    "name": "s1",
    "atlas": "",
    "rect": {
      "x": 0,
      "y": 17,
      "width": 289,
      "height": 314
    },
    "offset": {
      "x": 0,
      "y": -8
    },
    "originalSize": {
      "width": 289,
      "height": 332
    },
    "rotated": false,
    "capInsets": [
      0,
      0,
      0,
      0
    ],
    "vertices": {
      "rawPosition": [
        -144.5,
        -157,
        0,
        144.5,
        -157,
        0,
        -144.5,
        157,
        0,
        144.5,
        157,
        0
      ],
      "indexes": [
        0,
        1,
        2,
        2,
        1,
        3
      ],
      "uv": [
        0,
        315,
        289,
        315,
        0,
        1,
        289,
        1
      ],
      "nuv": [
        0,
        0.0030120481927710845,
        1,
        0.0030120481927710845,
        0,
        0.9487951807228916,
        1,
        0.9487951807228916
      ],
      "minPos": {
        "x": -144.5,
        "y": -157,
        "z": 0
      },
      "maxPos": {
        "x": 144.5,
        "y": 157,
        "z": 0
      }
    },
    "texture": "11cd906e-6cae-473a-9a97-0e08a8489a45@6c48a",
    "packable": true,
    "pixelsToUnit": 100,
    "pivot": {
      "x": 0.5,
      "y": 0.5
    },
    "meshType": 0
  }
}