{
  "__type__": "cc.SpriteFrame",
  "content": {
    "name": "die2",
    "atlas": "",
    "rect": {
      "x": 1,
      "y": 3,
      "width": 42,
      "height": 38
    },
    "offset": {
      "x": 0.5,
      "y": 2
    },
    "originalSize": {
      "width": 43,
      "height": 48
    },
    "rotated": false,
    "capInsets": [
      0,
      0,
      0,
      0
    ],
    "vertices": {
      "rawPosition": [
        -21,
        -19,
        0,
        21,
        -19,
        0,
        -21,
        19,
        0,
        21,
        19,
        0
      ],
      "indexes": [
        0,
        1,
        2,
        2,
        1,
        3
      ],
      "uv": [
        1,
        45,
        43,
        45,
        1,
        7,
        43,
        7
      ],
      "nuv": [
        0.023255813953488372,
        0.14583333333333334,
        1,
        0.14583333333333334,
        0.023255813953488372,
        0.9375,
        1,
        0.9375
      ],
      "minPos": {
        "x": -21,
        "y": -19,
        "z": 0
      },
      "maxPos": {
        "x": 21,
        "y": 19,
        "z": 0
      }
    },
    "texture": "2c58f24e-728b-4ddf-93dc-238b29caf518@6c48a",
    "packable": true,
    "pixelsToUnit": 100,
    "pivot": {
      "x": 0.5,
      "y": 0.5
    },
    "meshType": 0
  }
}