{
  "__type__": "cc.SpriteFrame",
  "content": {
    "name": "zhizhu-c 04",
    "atlas": "",
    "rect": {
      "x": 3,
      "y": 7,
      "width": 52,
      "height": 53
    },
    "offset": {
      "x": -2,
      "y": -2.5
    },
    "originalSize": {
      "width": 62,
      "height": 62
    },
    "rotated": false,
    "capInsets": [
      0,
      0,
      0,
      0
    ],
    "vertices": {
      "rawPosition": [
        -26,
        -26.5,
        0,
        26,
        -26.5,
        0,
        -26,
        26.5,
        0,
        26,
        26.5,
        0
      ],
      "indexes": [
        0,
        1,
        2,
        2,
        1,
        3
      ],
      "uv": [
        3,
        55,
        55,
        55,
        3,
        2,
        55,
        2
      ],
      "nuv": [
        0.04838709677419355,
        0.03225806451612903,
        0.8870967741935484,
        0.03225806451612903,
        0.04838709677419355,
        0.8870967741935484,
        0.8870967741935484,
        0.8870967741935484
      ],
      "minPos": {
        "x": -26,
        "y": -26.5,
        "z": 0
      },
      "maxPos": {
        "x": 26,
        "y": 26.5,
        "z": 0
      }
    },
    "texture": "5f1d660b-8ba2-40d7-8c8b-6807ec12fd2c@6c48a",
    "packable": true,
    "pixelsToUnit": 100,
    "pivot": {
      "x": 0.5,
      "y": 0.5
    },
    "meshType": 0
  }
}