{
  "__type__": "cc.SpriteFrame",
  "content": {
    "name": "die1",
    "atlas": "",
    "rect": {
      "x": 1,
      "y": 7,
      "width": 50,
      "height": 49
    },
    "offset": {
      "x": -1,
      "y": -3.5
    },
    "originalSize": {
      "width": 54,
      "height": 56
    },
    "rotated": false,
    "capInsets": [
      0,
      0,
      0,
      0
    ],
    "vertices": {
      "rawPosition": [
        -25,
        -24.5,
        0,
        25,
        -24.5,
        0,
        -25,
        24.5,
        0,
        25,
        24.5,
        0
      ],
      "indexes": [
        0,
        1,
        2,
        2,
        1,
        3
      ],
      "uv": [
        1,
        49,
        51,
        49,
        1,
        0,
        51,
        0
      ],
      "nuv": [
        0.018518518518518517,
        0,
        0.9444444444444444,
        0,
        0.018518518518518517,
        0.875,
        0.9444444444444444,
        0.875
      ],
      "minPos": {
        "x": -25,
        "y": -24.5,
        "z": 0
      },
      "maxPos": {
        "x": 25,
        "y": 24.5,
        "z": 0
      }
    },
    "texture": "972139ec-7c51-40f4-9aae-cbd6721d4c3d@6c48a",
    "packable": true,
    "pixelsToUnit": 100,
    "pivot": {
      "x": 0.5,
      "y": 0.5
    },
    "meshType": 0
  }
}