{
  "__type__": "cc.SpriteFrame",
  "content": {
    "name": "mifeng-a 10",
    "atlas": "",
    "rect": {
      "x": 5,
      "y": 3,
      "width": 66,
      "height": 65
    },
    "offset": {
      "x": 0,
      "y": -0.5
    },
    "originalSize": {
      "width": 76,
      "height": 70
    },
    "rotated": false,
    "capInsets": [
      0,
      0,
      0,
      0
    ],
    "vertices": {
      "rawPosition": [
        -33,
        -32.5,
        0,
        33,
        -32.5,
        0,
        -33,
        32.5,
        0,
        33,
        32.5,
        0
      ],
      "indexes": [
        0,
        1,
        2,
        2,
        1,
        3
      ],
      "uv": [
        5,
        67,
        71,
        67,
        5,
        2,
        71,
        2
      ],
      "nuv": [
        0.06578947368421052,
        0.02857142857142857,
        0.9342105263157895,
        0.02857142857142857,
        0.06578947368421052,
        0.9571428571428572,
        0.9342105263157895,
        0.9571428571428572
      ],
      "minPos": {
        "x": -33,
        "y": -32.5,
        "z": 0
      },
      "maxPos": {
        "x": 33,
        "y": 32.5,
        "z": 0
      }
    },
    "texture": "972b7682-c128-4787-aed4-1d35c8bc494d@6c48a",
    "packable": true,
    "pixelsToUnit": 100,
    "pivot": {
      "x": 0.5,
      "y": 0.5
    },
    "meshType": 0
  }
}