{
  "__type__": "cc.SpriteFrame",
  "content": {
    "name": "rlsz",
    "atlas": "",
    "rect": {
      "x": 0,
      "y": 0,
      "width": 503,
      "height": 1019
    },
    "offset": {
      "x": -4.5,
      "y": 2.5
    },
    "originalSize": {
      "width": 512,
      "height": 1024
    },
    "rotated": false,
    "capInsets": [
      0,
      0,
      0,
      0
    ],
    "vertices": {
      "rawPosition": [
        -251.5,
        -509.5,
        0,
        251.5,
        -509.5,
        0,
        -251.5,
        509.5,
        0,
        251.5,
        509.5,
        0
      ],
      "indexes": [
        0,
        1,
        2,
        2,
        1,
        3
      ],
      "uv": [
        0,
        1024,
        503,
        1024,
        0,
        5,
        503,
        5
      ],
      "nuv": [
        0,
        0.0048828125,
        0.982421875,
        0.0048828125,
        0,
        1,
        0.982421875,
        1
      ],
      "minPos": {
        "x": -251.5,
        "y": -509.5,
        "z": 0
      },
      "maxPos": {
        "x": 251.5,
        "y": 509.5,
        "z": 0
      }
    },
    "texture": "973115e9-5fe5-4904-bd08-054566f85ef0@6c48a",
    "packable": false,
    "pixelsToUnit": 100,
    "pivot": {
      "x": 0.5,
      "y": 0.5
    },
    "meshType": 0
  }
}