{
  "__type__": "cc.SpriteFrame",
  "content": {
    "name": "ddd1",
    "atlas": "",
    "rect": {
      "x": 1,
      "y": 0,
      "width": 127,
      "height": 128
    },
    "offset": {
      "x": 0,
      "y": 0.5
    },
    "originalSize": {
      "width": 129,
      "height": 129
    },
    "rotated": false,
    "capInsets": [
      0,
      0,
      0,
      0
    ],
    "vertices": {
      "rawPosition": [
        -63.5,
        -64,
        0,
        63.5,
        -64,
        0,
        -63.5,
        64,
        0,
        63.5,
        64,
        0
      ],
      "indexes": [
        0,
        1,
        2,
        2,
        1,
        3
      ],
      "uv": [
        1,
        129,
        128,
        129,
        1,
        1,
        128,
        1
      ],
      "nuv": [
        0.007751937984496124,
        0.007751937984496124,
        0.9922480620155039,
        0.007751937984496124,
        0.007751937984496124,
        1,
        0.9922480620155039,
        1
      ],
      "minPos": {
        "x": -63.5,
        "y": -64,
        "z": 0
      },
      "maxPos": {
        "x": 63.5,
        "y": 64,
        "z": 0
      }
    },
    "texture": "42fd5660-26f6-4873-b088-ca0474bf3b55@6c48a",
    "packable": true,
    "pixelsToUnit": 100,
    "pivot": {
      "x": 0.5,
      "y": 0.5
    },
    "meshType": 0
  }
}