{
  "__type__": "cc.SpriteFrame",
  "content": {
    "name": "ruchong-a_16",
    "atlas": "",
    "rect": {
      "x": 1,
      "y": 2,
      "width": 45,
      "height": 47
    },
    "offset": {
      "x": -1.5,
      "y": -1
    },
    "originalSize": {
      "width": 50,
      "height": 49
    },
    "rotated": false,
    "capInsets": [
      0,
      0,
      0,
      0
    ],
    "vertices": {
      "rawPosition": [
        -22.5,
        -23.5,
        0,
        22.5,
        -23.5,
        0,
        -22.5,
        23.5,
        0,
        22.5,
        23.5,
        0
      ],
      "indexes": [
        0,
        1,
        2,
        2,
        1,
        3
      ],
      "uv": [
        1,
        47,
        46,
        47,
        1,
        0,
        46,
        0
      ],
      "nuv": [
        0.02,
        0,
        0.92,
        0,
        0.02,
        0.9591836734693877,
        0.92,
        0.9591836734693877
      ],
      "minPos": {
        "x": -22.5,
        "y": -23.5,
        "z": 0
      },
      "maxPos": {
        "x": 22.5,
        "y": 23.5,
        "z": 0
      }
    },
    "texture": "25096ba4-503b-490b-9d05-cbace859836c@6c48a",
    "packable": true,
    "pixelsToUnit": 100,
    "pivot": {
      "x": 0.5,
      "y": 0.5
    },
    "meshType": 0
  }
}