{
  "__type__": "cc.SpriteFrame",
  "content": {
    "name": "xing-animation 09",
    "atlas": "",
    "rect": {
      "x": 80,
      "y": 6,
      "width": 477,
      "height": 104
    },
    "offset": {
      "x": 17,
      "y": 4.5
    },
    "originalSize": {
      "width": 603,
      "height": 125
    },
    "rotated": false,
    "capInsets": [
      0,
      0,
      0,
      0
    ],
    "vertices": {
      "rawPosition": [
        -238.5,
        -52,
        0,
        238.5,
        -52,
        0,
        -238.5,
        52,
        0,
        238.5,
        52,
        0
      ],
      "indexes": [
        0,
        1,
        2,
        2,
        1,
        3
      ],
      "uv": [
        80,
        119,
        557,
        119,
        80,
        15,
        557,
        15
      ],
      "nuv": [
        0.13266998341625208,
        0.12,
        0.9237147595356551,
        0.12,
        0.13266998341625208,
        0.952,
        0.9237147595356551,
        0.952
      ],
      "minPos": {
        "x": -238.5,
        "y": -52,
        "z": 0
      },
      "maxPos": {
        "x": 238.5,
        "y": 52,
        "z": 0
      }
    },
    "texture": "253bfdad-e85a-4ade-b2a8-4a244a8778e6@6c48a",
    "packable": true,
    "pixelsToUnit": 100,
    "pivot": {
      "x": 0.5,
      "y": 0.5
    },
    "meshType": 0
  }
}