{
  "__type__": "cc.SpriteFrame",
  "content": {
    "name": "sd-huang-1 06",
    "atlas": "",
    "rect": {
      "x": 0,
      "y": 0,
      "width": 245,
      "height": 606
    },
    "offset": {
      "x": 0,
      "y": 12
    },
    "originalSize": {
      "width": 245,
      "height": 630
    },
    "rotated": false,
    "capInsets": [
      0,
      0,
      0,
      0
    ],
    "vertices": {
      "rawPosition": [
        -122.5,
        -303,
        0,
        122.5,
        -303,
        0,
        -122.5,
        303,
        0,
        122.5,
        303,
        0
      ],
      "indexes": [
        0,
        1,
        2,
        2,
        1,
        3
      ],
      "uv": [
        0,
        630,
        245,
        630,
        0,
        24,
        245,
        24
      ],
      "nuv": [
        0,
        0.0380952380952381,
        1,
        0.0380952380952381,
        0,
        1,
        1,
        1
      ],
      "minPos": {
        "x": -122.5,
        "y": -303,
        "z": 0
      },
      "maxPos": {
        "x": 122.5,
        "y": 303,
        "z": 0
      }
    },
    "texture": "25e6e704-21ed-440f-b1a3-d50e36561709@6c48a",
    "packable": true,
    "pixelsToUnit": 100,
    "pivot": {
      "x": 0.5,
      "y": 0.5
    },
    "meshType": 0
  }
}