{
  "__type__": "cc.SpriteFrame",
  "content": {
    "name": "die2",
    "atlas": "",
    "rect": {
      "x": 2,
      "y": 7,
      "width": 52,
      "height": 48
    },
    "offset": {
      "x": 1,
      "y": -3
    },
    "originalSize": {
      "width": 54,
      "height": 56
    },
    "rotated": false,
    "capInsets": [
      0,
      0,
      0,
      0
    ],
    "vertices": {
      "rawPosition": [
        -26,
        -24,
        0,
        26,
        -24,
        0,
        -26,
        24,
        0,
        26,
        24,
        0
      ],
      "indexes": [
        0,
        1,
        2,
        2,
        1,
        3
      ],
      "uv": [
        2,
        49,
        54,
        49,
        2,
        1,
        54,
        1
      ],
      "nuv": [
        0.037037037037037035,
        0.017857142857142856,
        1,
        0.017857142857142856,
        0.037037037037037035,
        0.875,
        1,
        0.875
      ],
      "minPos": {
        "x": -26,
        "y": -24,
        "z": 0
      },
      "maxPos": {
        "x": 26,
        "y": 24,
        "z": 0
      }
    },
    "texture": "e2beeb3d-70da-4c0c-82f2-099fc016adb0@6c48a",
    "packable": true,
    "pixelsToUnit": 100,
    "pivot": {
      "x": 0.5,
      "y": 0.5
    },
    "meshType": 0
  }
}