{
  "__type__": "cc.SpriteFrame",
  "content": {
    "name": "die4",
    "atlas": "",
    "rect": {
      "x": 10,
      "y": 10,
      "width": 39,
      "height": 32
    },
    "offset": {
      "x": 4.5,
      "y": -1.5
    },
    "originalSize": {
      "width": 50,
      "height": 49
    },
    "rotated": false,
    "capInsets": [
      0,
      0,
      0,
      0
    ],
    "vertices": {
      "rawPosition": [
        -19.5,
        -16,
        0,
        19.5,
        -16,
        0,
        -19.5,
        16,
        0,
        19.5,
        16,
        0
      ],
      "indexes": [
        0,
        1,
        2,
        2,
        1,
        3
      ],
      "uv": [
        10,
        39,
        49,
        39,
        10,
        7,
        49,
        7
      ],
      "nuv": [
        0.2,
        0.14285714285714285,
        0.98,
        0.14285714285714285,
        0.2,
        0.7959183673469388,
        0.98,
        0.7959183673469388
      ],
      "minPos": {
        "x": -19.5,
        "y": -16,
        "z": 0
      },
      "maxPos": {
        "x": 19.5,
        "y": 16,
        "z": 0
      }
    },
    "texture": "e2c00053-6dd9-4b3e-88ef-df5727ac4cc9@6c48a",
    "packable": true,
    "pixelsToUnit": 100,
    "pivot": {
      "x": 0.5,
      "y": 0.5
    },
    "meshType": 0
  }
}