{
  "__type__": "cc.SpriteFrame",
  "content": {
    "name": "num",
    "atlas": "",
    "rect": {
      "x": 0,
      "y": 4,
      "width": 151,
      "height": 115
    },
    "offset": {
      "x": 0,
      "y": -1
    },
    "originalSize": {
      "width": 151,
      "height": 121
    },
    "rotated": false,
    "capInsets": [
      0,
      0,
      0,
      0
    ],
    "vertices": {
      "rawPosition": [
        -75.5,
        -57.5,
        0,
        75.5,
        -57.5,
        0,
        -75.5,
        57.5,
        0,
        75.5,
        57.5,
        0
      ],
      "indexes": [
        0,
        1,
        2,
        2,
        1,
        3
      ],
      "uv": [
        0,
        117,
        151,
        117,
        0,
        2,
        151,
        2
      ],
      "nuv": [
        0,
        0.01652892561983471,
        1,
        0.01652892561983471,
        0,
        0.9669421487603306,
        1,
        0.9669421487603306
      ],
      "minPos": {
        "x": -75.5,
        "y": -57.5,
        "z": 0
      },
      "maxPos": {
        "x": 75.5,
        "y": 57.5,
        "z": 0
      }
    },
    "texture": "e2e0b1d3-ea4b-4df2-8e30-f29ff1d35504@6c48a",
    "packable": true,
    "pixelsToUnit": 100,
    "pivot": {
      "x": 0.5,
      "y": 0.5
    },
    "meshType": 0
  }
}