{
  "__type__": "cc.SpriteFrame",
  "content": {
    "name": "zhangyu-animation_16",
    "atlas": "",
    "rect": {
      "x": 0,
      "y": 1,
      "width": 43,
      "height": 49
    },
    "offset": {
      "x": -2.5,
      "y": 0
    },
    "originalSize": {
      "width": 48,
      "height": 51
    },
    "rotated": false,
    "capInsets": [
      0,
      0,
      0,
      0
    ],
    "vertices": {
      "rawPosition": [
        -21.5,
        -24.5,
        0,
        21.5,
        -24.5,
        0,
        -21.5,
        24.5,
        0,
        21.5,
        24.5,
        0
      ],
      "indexes": [
        0,
        1,
        2,
        2,
        1,
        3
      ],
      "uv": [
        0,
        50,
        43,
        50,
        0,
        1,
        43,
        1
      ],
      "nuv": [
        0,
        0.0196078431372549,
        0.8958333333333334,
        0.0196078431372549,
        0,
        0.9803921568627451,
        0.8958333333333334,
        0.9803921568627451
      ],
      "minPos": {
        "x": -21.5,
        "y": -24.5,
        "z": 0
      },
      "maxPos": {
        "x": 21.5,
        "y": 24.5,
        "z": 0
      }
    },
    "texture": "205e2b19-1ebd-4666-a751-880c60412af1@6c48a",
    "packable": true,
    "pixelsToUnit": 100,
    "pivot": {
      "x": 0.5,
      "y": 0.5
    },
    "meshType": 0
  }
}