{
  "__type__": "cc.SpriteFrame",
  "content": {
    "name": "skeleton-animation 1",
    "atlas": "",
    "rect": {
      "x": 7,
      "y": 12,
      "width": 40,
      "height": 71
    },
    "offset": {
      "x": 1,
      "y": -2
    },
    "originalSize": {
      "width": 52,
      "height": 91
    },
    "rotated": false,
    "capInsets": [
      0,
      0,
      0,
      0
    ],
    "vertices": {
      "rawPosition": [
        -20,
        -35.5,
        0,
        20,
        -35.5,
        0,
        -20,
        35.5,
        0,
        20,
        35.5,
        0
      ],
      "indexes": [
        0,
        1,
        2,
        2,
        1,
        3
      ],
      "uv": [
        7,
        79,
        47,
        79,
        7,
        8,
        47,
        8
      ],
      "nuv": [
        0.1346153846153846,
        0.08791208791208792,
        0.9038461538461539,
        0.08791208791208792,
        0.1346153846153846,
        0.8681318681318682,
        0.9038461538461539,
        0.8681318681318682
      ],
      "minPos": {
        "x": -20,
        "y": -35.5,
        "z": 0
      },
      "maxPos": {
        "x": 20,
        "y": 35.5,
        "z": 0
      }
    },
    "texture": "7540325b-4c10-489c-a307-c76adcf925e7@6c48a",
    "packable": true,
    "pixelsToUnit": 100,
    "pivot": {
      "x": 0.5,
      "y": 0.5
    },
    "meshType": 0
  }
}