{
  "__type__": "cc.SpriteFrame",
  "content": {
    "name": "jqr-blue 03",
    "atlas": "",
    "rect": {
      "x": 12,
      "y": 3,
      "width": 150,
      "height": 198
    },
    "offset": {
      "x": -1.5,
      "y": -0.5
    },
    "originalSize": {
      "width": 177,
      "height": 203
    },
    "rotated": false,
    "capInsets": [
      0,
      0,
      0,
      0
    ],
    "vertices": {
      "rawPosition": [
        -75,
        -99,
        0,
        75,
        -99,
        0,
        -75,
        99,
        0,
        75,
        99,
        0
      ],
      "indexes": [
        0,
        1,
        2,
        2,
        1,
        3
      ],
      "uv": [
        12,
        200,
        162,
        200,
        12,
        2,
        162,
        2
      ],
      "nuv": [
        0.06779661016949153,
        0.009852216748768473,
        0.9152542372881356,
        0.009852216748768473,
        0.06779661016949153,
        0.9852216748768473,
        0.9152542372881356,
        0.9852216748768473
      ],
      "minPos": {
        "x": -75,
        "y": -99,
        "z": 0
      },
      "maxPos": {
        "x": 75,
        "y": 99,
        "z": 0
      }
    },
    "texture": "dda9df42-7fb3-4c72-84a5-702071766bad@6c48a",
    "packable": true,
    "pixelsToUnit": 100,
    "pivot": {
      "x": 0.5,
      "y": 0.5
    },
    "meshType": 0
  }
}