{
  "__type__": "cc.SpriteFrame",
  "content": {
    "name": "1",
    "atlas": "",
    "rect": {
      "x": 4,
      "y": 5,
      "width": 80,
      "height": 142
    },
    "offset": {
      "x": 2,
      "y": 0.5
    },
    "originalSize": {
      "width": 84,
      "height": 153
    },
    "rotated": false,
    "capInsets": [
      0,
      0,
      0,
      0
    ],
    "vertices": {
      "rawPosition": [
        -40,
        -71,
        0,
        40,
        -71,
        0,
        -40,
        71,
        0,
        40,
        71,
        0
      ],
      "indexes": [
        0,
        1,
        2,
        2,
        1,
        3
      ],
      "uv": [
        4,
        148,
        84,
        148,
        4,
        6,
        84,
        6
      ],
      "nuv": [
        0.047619047619047616,
        0.0392156862745098,
        1,
        0.0392156862745098,
        0.047619047619047616,
        0.9673202614379085,
        1,
        0.9673202614379085
      ],
      "minPos": {
        "x": -40,
        "y": -71,
        "z": 0
      },
      "maxPos": {
        "x": 40,
        "y": 71,
        "z": 0
      }
    },
    "texture": "8479a477-7384-4e83-9407-f97b79336539@6c48a",
    "packable": true,
    "pixelsToUnit": 100,
    "pivot": {
      "x": 0.5,
      "y": 0.5
    },
    "meshType": 0
  }
}