{
  "__type__": "cc.SpriteFrame",
  "content": {
    "name": "qqa2",
    "atlas": "",
    "rect": {
      "x": 3,
      "y": 2,
      "width": 128,
      "height": 139
    },
    "offset": {
      "x": 0.5,
      "y": -0.5
    },
    "originalSize": {
      "width": 133,
      "height": 142
    },
    "rotated": false,
    "capInsets": [
      0,
      0,
      0,
      0
    ],
    "vertices": {
      "rawPosition": [
        -64,
        -69.5,
        0,
        64,
        -69.5,
        0,
        -64,
        69.5,
        0,
        64,
        69.5,
        0
      ],
      "indexes": [
        0,
        1,
        2,
        2,
        1,
        3
      ],
      "uv": [
        3,
        140,
        131,
        140,
        3,
        1,
        131,
        1
      ],
      "nuv": [
        0.022556390977443608,
        0.007042253521126761,
        0.9849624060150376,
        0.007042253521126761,
        0.022556390977443608,
        0.9859154929577465,
        0.9849624060150376,
        0.9859154929577465
      ],
      "minPos": {
        "x": -64,
        "y": -69.5,
        "z": 0
      },
      "maxPos": {
        "x": 64,
        "y": 69.5,
        "z": 0
      }
    },
    "texture": "84cba9c5-4cc8-4f3a-95e7-7cfdf9632392@6c48a",
    "packable": true,
    "pixelsToUnit": 100,
    "pivot": {
      "x": 0.5,
      "y": 0.5
    },
    "meshType": 0
  }
}