{
  "__type__": "cc.SpriteFrame",
  "content": {
    "name": "s9",
    "atlas": "",
    "rect": {
      "x": 39,
      "y": 44,
      "width": 40,
      "height": 37
    },
    "offset": {
      "x": 17.5,
      "y": -20.5
    },
    "originalSize": {
      "width": 83,
      "height": 84
    },
    "rotated": false,
    "capInsets": [
      0,
      0,
      0,
      0
    ],
    "vertices": {
      "rawPosition": [
        -20,
        -18.5,
        0,
        20,
        -18.5,
        0,
        -20,
        18.5,
        0,
        20,
        18.5,
        0
      ],
      "indexes": [
        0,
        1,
        2,
        2,
        1,
        3
      ],
      "uv": [
        39,
        40,
        79,
        40,
        39,
        3,
        79,
        3
      ],
      "nuv": [
        0.46987951807228917,
        0.03571428571428571,
        0.9518072289156626,
        0.03571428571428571,
        0.46987951807228917,
        0.47619047619047616,
        0.9518072289156626,
        0.47619047619047616
      ],
      "minPos": {
        "x": -20,
        "y": -18.5,
        "z": 0
      },
      "maxPos": {
        "x": 20,
        "y": 18.5,
        "z": 0
      }
    },
    "texture": "db2ea346-350f-4256-99f5-2548db4dc014@6c48a",
    "packable": true,
    "pixelsToUnit": 100,
    "pivot": {
      "x": 0.5,
      "y": 0.5
    },
    "meshType": 0
  }
}