{
  "__type__": "cc.SpriteFrame",
  "content": {
    "name": "kk2",
    "atlas": "",
    "rect": {
      "x": 31,
      "y": 1,
      "width": 168,
      "height": 154
    },
    "offset": {
      "x": 5,
      "y": 3
    },
    "originalSize": {
      "width": 220,
      "height": 162
    },
    "rotated": false,
    "capInsets": [
      0,
      0,
      0,
      0
    ],
    "vertices": {
      "rawPosition": [
        -84,
        -77,
        0,
        84,
        -77,
        0,
        -84,
        77,
        0,
        84,
        77,
        0
      ],
      "indexes": [
        0,
        1,
        2,
        2,
        1,
        3
      ],
      "uv": [
        31,
        161,
        199,
        161,
        31,
        7,
        199,
        7
      ],
      "nuv": [
        0.1409090909090909,
        0.043209876543209874,
        0.9045454545454545,
        0.043209876543209874,
        0.1409090909090909,
        0.9938271604938271,
        0.9045454545454545,
        0.9938271604938271
      ],
      "minPos": {
        "x": -84,
        "y": -77,
        "z": 0
      },
      "maxPos": {
        "x": 84,
        "y": 77,
        "z": 0
      }
    },
    "texture": "dbf03164-1ee7-40a6-9abc-cff376d43383@6c48a",
    "packable": true,
    "pixelsToUnit": 100,
    "pivot": {
      "x": 0.5,
      "y": 0.5
    },
    "meshType": 0
  }
}