{
  "__type__": "cc.SpriteFrame",
  "content": {
    "name": "sd-lv-1 05",
    "atlas": "",
    "rect": {
      "x": 25,
      "y": 22,
      "width": 211,
      "height": 558
    },
    "offset": {
      "x": 8,
      "y": 14
    },
    "originalSize": {
      "width": 245,
      "height": 630
    },
    "rotated": false,
    "capInsets": [
      0,
      0,
      0,
      0
    ],
    "vertices": {
      "rawPosition": [
        -105.5,
        -279,
        0,
        105.5,
        -279,
        0,
        -105.5,
        279,
        0,
        105.5,
        279,
        0
      ],
      "indexes": [
        0,
        1,
        2,
        2,
        1,
        3
      ],
      "uv": [
        25,
        608,
        236,
        608,
        25,
        50,
        236,
        50
      ],
      "nuv": [
        0.10204081632653061,
        0.07936507936507936,
        0.963265306122449,
        0.07936507936507936,
        0.10204081632653061,
        0.9650793650793651,
        0.963265306122449,
        0.9650793650793651
      ],
      "minPos": {
        "x": -105.5,
        "y": -279,
        "z": 0
      },
      "maxPos": {
        "x": 105.5,
        "y": 279,
        "z": 0
      }
    },
    "texture": "c50918c8-5c2f-4069-b7a0-7e90cac716f9@6c48a",
    "packable": true,
    "pixelsToUnit": 100,
    "pivot": {
      "x": 0.5,
      "y": 0.5
    },
    "meshType": 0
  }
}