{
  "__type__": "cc.SpriteFrame",
  "content": {
    "name": "djg-1 07",
    "atlas": "",
    "rect": {
      "x": 27,
      "y": 27,
      "width": 39,
      "height": 39
    },
    "offset": {
      "x": 0,
      "y": 0
    },
    "originalSize": {
      "width": 93,
      "height": 93
    },
    "rotated": false,
    "capInsets": [
      0,
      0,
      0,
      0
    ],
    "vertices": {
      "rawPosition": [
        -19.5,
        -19.5,
        0,
        19.5,
        -19.5,
        0,
        -19.5,
        19.5,
        0,
        19.5,
        19.5,
        0
      ],
      "indexes": [
        0,
        1,
        2,
        2,
        1,
        3
      ],
      "uv": [
        27,
        66,
        66,
        66,
        27,
        27,
        66,
        27
      ],
      "nuv": [
        0.2903225806451613,
        0.2903225806451613,
        0.7096774193548387,
        0.2903225806451613,
        0.2903225806451613,
        0.7096774193548387,
        0.7096774193548387,
        0.7096774193548387
      ],
      "minPos": {
        "x": -19.5,
        "y": -19.5,
        "z": 0
      },
      "maxPos": {
        "x": 19.5,
        "y": 19.5,
        "z": 0
      }
    },
    "texture": "3742724f-6579-434e-b2a3-2f8bc16e2715@6c48a",
    "packable": true,
    "pixelsToUnit": 100,
    "pivot": {
      "x": 0.5,
      "y": 0.5
    },
    "meshType": 0
  }
}