{
  "__type__": "cc.SpriteFrame",
  "content": {
    "name": "skeleton-animation 09",
    "atlas": "",
    "rect": {
      "x": 118,
      "y": 9,
      "width": 65,
      "height": 83
    },
    "offset": {
      "x": 54,
      "y": -4.5
    },
    "originalSize": {
      "width": 193,
      "height": 92
    },
    "rotated": false,
    "capInsets": [
      0,
      0,
      0,
      0
    ],
    "vertices": {
      "rawPosition": [
        -32.5,
        -41.5,
        0,
        32.5,
        -41.5,
        0,
        -32.5,
        41.5,
        0,
        32.5,
        41.5,
        0
      ],
      "indexes": [
        0,
        1,
        2,
        2,
        1,
        3
      ],
      "uv": [
        118,
        83,
        183,
        83,
        118,
        0,
        183,
        0
      ],
      "nuv": [
        0.6113989637305699,
        0,
        0.9481865284974094,
        0,
        0.6113989637305699,
        0.9021739130434783,
        0.9481865284974094,
        0.9021739130434783
      ],
      "minPos": {
        "x": -32.5,
        "y": -41.5,
        "z": 0
      },
      "maxPos": {
        "x": 32.5,
        "y": 41.5,
        "z": 0
      }
    },
    "texture": "8c8b5be8-5e73-4479-bf50-2e1db9e06bfe@6c48a",
    "packable": true,
    "pixelsToUnit": 100,
    "pivot": {
      "x": 0.5,
      "y": 0.5
    },
    "meshType": 0
  }
}