{
  "__type__": "cc.SpriteFrame",
  "content": {
    "name": "die2",
    "atlas": "",
    "rect": {
      "x": 0,
      "y": 3,
      "width": 48,
      "height": 44
    },
    "offset": {
      "x": -1,
      "y": -0.5
    },
    "originalSize": {
      "width": 50,
      "height": 49
    },
    "rotated": false,
    "capInsets": [
      0,
      0,
      0,
      0
    ],
    "vertices": {
      "rawPosition": [
        -24,
        -22,
        0,
        24,
        -22,
        0,
        -24,
        22,
        0,
        24,
        22,
        0
      ],
      "indexes": [
        0,
        1,
        2,
        2,
        1,
        3
      ],
      "uv": [
        0,
        46,
        48,
        46,
        0,
        2,
        48,
        2
      ],
      "nuv": [
        0,
        0.04081632653061224,
        0.96,
        0.04081632653061224,
        0,
        0.9387755102040817,
        0.96,
        0.9387755102040817
      ],
      "minPos": {
        "x": -24,
        "y": -22,
        "z": 0
      },
      "maxPos": {
        "x": 24,
        "y": 22,
        "z": 0
      }
    },
    "texture": "093e5dc1-b005-4f56-9c52-09b3d308e063@6c48a",
    "packable": true,
    "pixelsToUnit": 100,
    "pivot": {
      "x": 0.5,
      "y": 0.5
    },
    "meshType": 0
  }
}