{
  "__type__": "cc.SpriteFrame",
  "content": {
    "name": "sd-huang-1 05",
    "atlas": "",
    "rect": {
      "x": 0,
      "y": 22,
      "width": 245,
      "height": 590
    },
    "offset": {
      "x": 0,
      "y": -2
    },
    "originalSize": {
      "width": 245,
      "height": 630
    },
    "rotated": false,
    "capInsets": [
      0,
      0,
      0,
      0
    ],
    "vertices": {
      "rawPosition": [
        -122.5,
        -295,
        0,
        122.5,
        -295,
        0,
        -122.5,
        295,
        0,
        122.5,
        295,
        0
      ],
      "indexes": [
        0,
        1,
        2,
        2,
        1,
        3
      ],
      "uv": [
        0,
        608,
        245,
        608,
        0,
        18,
        245,
        18
      ],
      "nuv": [
        0,
        0.02857142857142857,
        1,
        0.02857142857142857,
        0,
        0.9650793650793651,
        1,
        0.9650793650793651
      ],
      "minPos": {
        "x": -122.5,
        "y": -295,
        "z": 0
      },
      "maxPos": {
        "x": 122.5,
        "y": 295,
        "z": 0
      }
    },
    "texture": "6535437b-0a35-431f-ad5d-47cea5edc109@6c48a",
    "packable": true,
    "pixelsToUnit": 100,
    "pivot": {
      "x": 0.5,
      "y": 0.5
    },
    "meshType": 0
  }
}