{
  "__type__": "cc.SpriteFrame",
  "content": {
    "name": "skeleton-animation 08",
    "atlas": "",
    "rect": {
      "x": 19,
      "y": 0,
      "width": 165,
      "height": 92
    },
    "offset": {
      "x": 5,
      "y": 0
    },
    "originalSize": {
      "width": 193,
      "height": 92
    },
    "rotated": false,
    "capInsets": [
      0,
      0,
      0,
      0
    ],
    "vertices": {
      "rawPosition": [
        -82.5,
        -46,
        0,
        82.5,
        -46,
        0,
        -82.5,
        46,
        0,
        82.5,
        46,
        0
      ],
      "indexes": [
        0,
        1,
        2,
        2,
        1,
        3
      ],
      "uv": [
        19,
        92,
        184,
        92,
        19,
        0,
        184,
        0
      ],
      "nuv": [
        0.09844559585492228,
        0,
        0.9533678756476683,
        0,
        0.09844559585492228,
        1,
        0.9533678756476683,
        1
      ],
      "minPos": {
        "x": -82.5,
        "y": -46,
        "z": 0
      },
      "maxPos": {
        "x": 82.5,
        "y": 46,
        "z": 0
      }
    },
    "texture": "77b36cca-bc09-4305-b117-fe195695118e@6c48a",
    "packable": true,
    "pixelsToUnit": 100,
    "pivot": {
      "x": 0.5,
      "y": 0.5
    },
    "meshType": 0
  }
}