{
  "__type__": "cc.SpriteFrame",
  "content": {
    "name": "djg-1 02",
    "atlas": "",
    "rect": {
      "x": 41,
      "y": 41,
      "width": 11,
      "height": 11
    },
    "offset": {
      "x": 0,
      "y": 0
    },
    "originalSize": {
      "width": 93,
      "height": 93
    },
    "rotated": false,
    "capInsets": [
      0,
      0,
      0,
      0
    ],
    "vertices": {
      "rawPosition": [
        -5.5,
        -5.5,
        0,
        5.5,
        -5.5,
        0,
        -5.5,
        5.5,
        0,
        5.5,
        5.5,
        0
      ],
      "indexes": [
        0,
        1,
        2,
        2,
        1,
        3
      ],
      "uv": [
        41,
        52,
        52,
        52,
        41,
        41,
        52,
        41
      ],
      "nuv": [
        0.44086021505376344,
        0.44086021505376344,
        0.5591397849462365,
        0.44086021505376344,
        0.44086021505376344,
        0.5591397849462365,
        0.5591397849462365,
        0.5591397849462365
      ],
      "minPos": {
        "x": -5.5,
        "y": -5.5,
        "z": 0
      },
      "maxPos": {
        "x": 5.5,
        "y": 5.5,
        "z": 0
      }
    },
    "texture": "77e66d0b-3492-4162-9158-4651f2b3271c@6c48a",
    "packable": true,
    "pixelsToUnit": 100,
    "pivot": {
      "x": 0.5,
      "y": 0.5
    },
    "meshType": 0
  }
}