{
  "__type__": "cc.SpriteFrame",
  "content": {
    "name": "skeleton-4 04",
    "atlas": "",
    "rect": {
      "x": 93,
      "y": 79,
      "width": 220,
      "height": 230
    },
    "offset": {
      "x": 12.5,
      "y": -3.5
    },
    "originalSize": {
      "width": 381,
      "height": 381
    },
    "rotated": false,
    "capInsets": [
      0,
      0,
      0,
      0
    ],
    "vertices": {
      "rawPosition": [
        -110,
        -115,
        0,
        110,
        -115,
        0,
        -110,
        115,
        0,
        110,
        115,
        0
      ],
      "indexes": [
        0,
        1,
        2,
        2,
        1,
        3
      ],
      "uv": [
        93,
        302,
        313,
        302,
        93,
        72,
        313,
        72
      ],
      "nuv": [
        0.2440944881889764,
        0.1889763779527559,
        0.821522309711286,
        0.1889763779527559,
        0.2440944881889764,
        0.7926509186351706,
        0.821522309711286,
        0.7926509186351706
      ],
      "minPos": {
        "x": -110,
        "y": -115,
        "z": 0
      },
      "maxPos": {
        "x": 110,
        "y": 115,
        "z": 0
      }
    },
    "texture": "f6355afe-a0ea-4018-92c4-d7d3dab9130a@6c48a",
    "packable": true,
    "pixelsToUnit": 100,
    "pivot": {
      "x": 0.5,
      "y": 0.5
    },
    "meshType": 0
  }
}