{
  "__type__": "cc.SpriteFrame",
  "content": {
    "name": "targetPos",
    "atlas": "",
    "rect": {
      "x": 5,
      "y": 5,
      "width": 118,
      "height": 118
    },
    "offset": {
      "x": 0,
      "y": 0
    },
    "originalSize": {
      "width": 128,
      "height": 128
    },
    "rotated": false,
    "capInsets": [
      0,
      0,
      0,
      0
    ],
    "vertices": {
      "rawPosition": [
        -59,
        -59,
        0,
        59,
        -59,
        0,
        -59,
        59,
        0,
        59,
        59,
        0
      ],
      "indexes": [
        0,
        1,
        2,
        2,
        1,
        3
      ],
      "uv": [
        5,
        123,
        123,
        123,
        5,
        5,
        123,
        5
      ],
      "nuv": [
        0.0390625,
        0.0390625,
        0.9609375,
        0.0390625,
        0.0390625,
        0.9609375,
        0.9609375,
        0.9609375
      ],
      "minPos": {
        "x": -59,
        "y": -59,
        "z": 0
      },
      "maxPos": {
        "x": 59,
        "y": 59,
        "z": 0
      }
    },
    "texture": "501b0274-b8cf-41d2-8958-2c58e2aa71cd@6c48a",
    "packable": true,
    "pixelsToUnit": 100,
    "pivot": {
      "x": 0.5,
      "y": 0.5
    },
    "meshType": 0
  }
}