{
  "__type__": "cc.SpriteFrame",
  "content": {
    "name": "ui_compose",
    "atlas": "",
    "rect": {
      "x": 8,
      "y": 3,
      "width": 76,
      "height": 86
    },
    "offset": {
      "x": -0.5,
      "y": 0.5
    },
    "originalSize": {
      "width": 93,
      "height": 93
    },
    "rotated": false,
    "capInsets": [
      0,
      0,
      0,
      0
    ],
    "vertices": {
      "rawPosition": [
        -38,
        -43,
        0,
        38,
        -43,
        0,
        -38,
        43,
        0,
        38,
        43,
        0
      ],
      "indexes": [
        0,
        1,
        2,
        2,
        1,
        3
      ],
      "uv": [
        8,
        90,
        84,
        90,
        8,
        4,
        84,
        4
      ],
      "nuv": [
        0.08602150537634409,
        0.043010752688172046,
        0.9032258064516129,
        0.043010752688172046,
        0.08602150537634409,
        0.967741935483871,
        0.9032258064516129,
        0.967741935483871
      ],
      "minPos": {
        "x": -38,
        "y": -43,
        "z": 0
      },
      "maxPos": {
        "x": 38,
        "y": 43,
        "z": 0
      }
    },
    "texture": "d8631506-730e-4177-9174-124e385ad0f7@6c48a",
    "packable": true,
    "pixelsToUnit": 100,
    "pivot": {
      "x": 0.5,
      "y": 0.5
    },
    "meshType": 0
  }
}