{
  "__type__": "cc.SpriteFrame",
  "content": {
    "name": "skeleton-3 10",
    "atlas": "",
    "rect": {
      "x": 10,
      "y": 17,
      "width": 216,
      "height": 194
    },
    "offset": {
      "x": -2,
      "y": 0
    },
    "originalSize": {
      "width": 240,
      "height": 228
    },
    "rotated": false,
    "capInsets": [
      0,
      0,
      0,
      0
    ],
    "vertices": {
      "rawPosition": [
        -108,
        -97,
        0,
        108,
        -97,
        0,
        -108,
        97,
        0,
        108,
        97,
        0
      ],
      "indexes": [
        0,
        1,
        2,
        2,
        1,
        3
      ],
      "uv": [
        10,
        211,
        226,
        211,
        10,
        17,
        226,
        17
      ],
      "nuv": [
        0.041666666666666664,
        0.07456140350877193,
        0.9416666666666667,
        0.07456140350877193,
        0.041666666666666664,
        0.9254385964912281,
        0.9416666666666667,
        0.9254385964912281
      ],
      "minPos": {
        "x": -108,
        "y": -97,
        "z": 0
      },
      "maxPos": {
        "x": 108,
        "y": 97,
        "z": 0
      }
    },
    "texture": "72fdcc85-901e-4f3d-801f-c829a187ffe0@6c48a",
    "packable": true,
    "pixelsToUnit": 100,
    "pivot": {
      "x": 0.5,
      "y": 0.5
    },
    "meshType": 0
  }
}