{
  "__type__": "cc.SpriteFrame",
  "content": {
    "name": "mifeng-b 0",
    "atlas": "",
    "rect": {
      "x": 7,
      "y": 8,
      "width": 58,
      "height": 51
    },
    "offset": {
      "x": -2,
      "y": 1.5
    },
    "originalSize": {
      "width": 76,
      "height": 70
    },
    "rotated": false,
    "capInsets": [
      0,
      0,
      0,
      0
    ],
    "vertices": {
      "rawPosition": [
        -29,
        -25.5,
        0,
        29,
        -25.5,
        0,
        -29,
        25.5,
        0,
        29,
        25.5,
        0
      ],
      "indexes": [
        0,
        1,
        2,
        2,
        1,
        3
      ],
      "uv": [
        7,
        62,
        65,
        62,
        7,
        11,
        65,
        11
      ],
      "nuv": [
        0.09210526315789473,
        0.15714285714285714,
        0.8552631578947368,
        0.15714285714285714,
        0.09210526315789473,
        0.8857142857142857,
        0.8552631578947368,
        0.8857142857142857
      ],
      "minPos": {
        "x": -29,
        "y": -25.5,
        "z": 0
      },
      "maxPos": {
        "x": 29,
        "y": 25.5,
        "z": 0
      }
    },
    "texture": "550b70ec-26b2-4655-9980-1bf5189e0e21@6c48a",
    "packable": true,
    "pixelsToUnit": 100,
    "pivot": {
      "x": 0.5,
      "y": 0.5
    },
    "meshType": 0
  }
}