{
  "__type__": "cc.SpriteFrame",
  "content": {
    "name": "center",
    "atlas": "",
    "rect": {
      "x": 5,
      "y": 4,
      "width": 502,
      "height": 502
    },
    "offset": {
      "x": 0,
      "y": 1
    },
    "originalSize": {
      "width": 512,
      "height": 512
    },
    "rotated": false,
    "capInsets": [
      0,
      0,
      0,
      0
    ],
    "vertices": {
      "rawPosition": [
        -251,
        -251,
        0,
        251,
        -251,
        0,
        -251,
        251,
        0,
        251,
        251,
        0
      ],
      "indexes": [
        0,
        1,
        2,
        2,
        1,
        3
      ],
      "uv": [
        5,
        508,
        507,
        508,
        5,
        6,
        507,
        6
      ],
      "nuv": [
        0.009765625,
        0.01171875,
        0.990234375,
        0.01171875,
        0.009765625,
        0.9921875,
        0.990234375,
        0.9921875
      ],
      "minPos": {
        "x": -251,
        "y": -251,
        "z": 0
      },
      "maxPos": {
        "x": 251,
        "y": 251,
        "z": 0
      }
    },
    "texture": "1e211932-82b6-41fe-9519-122f49122008@6c48a",
    "packable": true,
    "pixelsToUnit": 100,
    "pivot": {
      "x": 0.5,
      "y": 0.5
    },
    "meshType": 0
  }
}