{
  "__type__": "cc.SpriteFrame",
  "content": {
    "name": "skeleton-3 06",
    "atlas": "",
    "rect": {
      "x": 1,
      "y": 0,
      "width": 239,
      "height": 227
    },
    "offset": {
      "x": 0.5,
      "y": 0.5
    },
    "originalSize": {
      "width": 240,
      "height": 228
    },
    "rotated": false,
    "capInsets": [
      0,
      0,
      0,
      0
    ],
    "vertices": {
      "rawPosition": [
        -119.5,
        -113.5,
        0,
        119.5,
        -113.5,
        0,
        -119.5,
        113.5,
        0,
        119.5,
        113.5,
        0
      ],
      "indexes": [
        0,
        1,
        2,
        2,
        1,
        3
      ],
      "uv": [
        1,
        228,
        240,
        228,
        1,
        1,
        240,
        1
      ],
      "nuv": [
        0.004166666666666667,
        0.0043859649122807015,
        1,
        0.0043859649122807015,
        0.004166666666666667,
        1,
        1,
        1
      ],
      "minPos": {
        "x": -119.5,
        "y": -113.5,
        "z": 0
      },
      "maxPos": {
        "x": 119.5,
        "y": 113.5,
        "z": 0
      }
    },
    "texture": "1e238b6e-1594-4175-afa0-27ec47cebc0b@6c48a",
    "packable": true,
    "pixelsToUnit": 100,
    "pivot": {
      "x": 0.5,
      "y": 0.5
    },
    "meshType": 0
  }
}