{
  "__type__": "cc.SpriteFrame",
  "content": {
    "name": "skeleton-animation2 1",
    "atlas": "",
    "rect": {
      "x": 32,
      "y": 35,
      "width": 52,
      "height": 61
    },
    "offset": {
      "x": 4,
      "y": -5.5
    },
    "originalSize": {
      "width": 108,
      "height": 120
    },
    "rotated": false,
    "capInsets": [
      0,
      0,
      0,
      0
    ],
    "vertices": {
      "rawPosition": [
        -26,
        -30.5,
        0,
        26,
        -30.5,
        0,
        -26,
        30.5,
        0,
        26,
        30.5,
        0
      ],
      "indexes": [
        0,
        1,
        2,
        2,
        1,
        3
      ],
      "uv": [
        32,
        85,
        84,
        85,
        32,
        24,
        84,
        24
      ],
      "nuv": [
        0.2962962962962963,
        0.2,
        0.7777777777777778,
        0.2,
        0.2962962962962963,
        0.7083333333333334,
        0.7777777777777778,
        0.7083333333333334
      ],
      "minPos": {
        "x": -26,
        "y": -30.5,
        "z": 0
      },
      "maxPos": {
        "x": 26,
        "y": 30.5,
        "z": 0
      }
    },
    "texture": "1eaf1ef8-e567-4ec6-ab5f-a729ef04b0a7@6c48a",
    "packable": true,
    "pixelsToUnit": 100,
    "pivot": {
      "x": 0.5,
      "y": 0.5
    },
    "meshType": 0
  }
}