{
  "__type__": "cc.SpriteFrame",
  "content": {
    "name": "skeleton-animation2 05",
    "atlas": "",
    "rect": {
      "x": 7,
      "y": 7,
      "width": 269,
      "height": 106
    },
    "offset": {
      "x": 0.5,
      "y": -3.5
    },
    "originalSize": {
      "width": 282,
      "height": 113
    },
    "rotated": false,
    "capInsets": [
      0,
      0,
      0,
      0
    ],
    "vertices": {
      "rawPosition": [
        -134.5,
        -53,
        0,
        134.5,
        -53,
        0,
        -134.5,
        53,
        0,
        134.5,
        53,
        0
      ],
      "indexes": [
        0,
        1,
        2,
        2,
        1,
        3
      ],
      "uv": [
        7,
        106,
        276,
        106,
        7,
        0,
        276,
        0
      ],
      "nuv": [
        0.024822695035460994,
        0,
        0.9787234042553191,
        0,
        0.024822695035460994,
        0.9380530973451328,
        0.9787234042553191,
        0.9380530973451328
      ],
      "minPos": {
        "x": -134.5,
        "y": -53,
        "z": 0
      },
      "maxPos": {
        "x": 134.5,
        "y": 53,
        "z": 0
      }
    },
    "texture": "2e6350bb-63c4-4aee-b28c-bb773965423b@6c48a",
    "packable": true,
    "pixelsToUnit": 100,
    "pivot": {
      "x": 0.5,
      "y": 0.5
    },
    "meshType": 0
  }
}