{
  "__type__": "cc.SpriteFrame",
  "content": {
    "name": "skeleton-4 10",
    "atlas": "",
    "rect": {
      "x": 19,
      "y": 18,
      "width": 344,
      "height": 344
    },
    "offset": {
      "x": 0.5,
      "y": 0.5
    },
    "originalSize": {
      "width": 381,
      "height": 381
    },
    "rotated": false,
    "capInsets": [
      0,
      0,
      0,
      0
    ],
    "vertices": {
      "rawPosition": [
        -172,
        -172,
        0,
        172,
        -172,
        0,
        -172,
        172,
        0,
        172,
        172,
        0
      ],
      "indexes": [
        0,
        1,
        2,
        2,
        1,
        3
      ],
      "uv": [
        19,
        363,
        363,
        363,
        19,
        19,
        363,
        19
      ],
      "nuv": [
        0.049868766404199474,
        0.049868766404199474,
        0.952755905511811,
        0.049868766404199474,
        0.049868766404199474,
        0.952755905511811,
        0.952755905511811,
        0.952755905511811
      ],
      "minPos": {
        "x": -172,
        "y": -172,
        "z": 0
      },
      "maxPos": {
        "x": 172,
        "y": 172,
        "z": 0
      }
    },
    "texture": "24066feb-164c-4dcc-a7f4-a74fe2fc6aed@6c48a",
    "packable": true,
    "pixelsToUnit": 100,
    "pivot": {
      "x": 0.5,
      "y": 0.5
    },
    "meshType": 0
  }
}