{
  "__type__": "cc.SpriteFrame",
  "content": {
    "name": "huo-5 08",
    "atlas": "",
    "rect": {
      "x": 9,
      "y": 1,
      "width": 113,
      "height": 132
    },
    "offset": {
      "x": -1.5,
      "y": 4.5
    },
    "originalSize": {
      "width": 134,
      "height": 143
    },
    "rotated": false,
    "capInsets": [
      0,
      0,
      0,
      0
    ],
    "vertices": {
      "rawPosition": [
        -56.5,
        -66,
        0,
        56.5,
        -66,
        0,
        -56.5,
        66,
        0,
        56.5,
        66,
        0
      ],
      "indexes": [
        0,
        1,
        2,
        2,
        1,
        3
      ],
      "uv": [
        9,
        142,
        122,
        142,
        9,
        10,
        122,
        10
      ],
      "nuv": [
        0.06716417910447761,
        0.06993006993006994,
        0.9104477611940298,
        0.06993006993006994,
        0.06716417910447761,
        0.993006993006993,
        0.9104477611940298,
        0.993006993006993
      ],
      "minPos": {
        "x": -56.5,
        "y": -66,
        "z": 0
      },
      "maxPos": {
        "x": 56.5,
        "y": 66,
        "z": 0
      }
    },
    "texture": "ee3beb0e-b2ce-4e17-93c3-039947c9cc76@6c48a",
    "packable": true,
    "pixelsToUnit": 100,
    "pivot": {
      "x": 0.5,
      "y": 0.5
    },
    "meshType": 0
  }
}