{
  "__type__": "cc.SpriteFrame",
  "content": {
    "name": "prop_box1",
    "atlas": "",
    "rect": {
      "x": 6,
      "y": 19,
      "width": 60,
      "height": 46
    },
    "offset": {
      "x": 1,
      "y": -8.5
    },
    "originalSize": {
      "width": 70,
      "height": 67
    },
    "rotated": false,
    "capInsets": [
      0,
      0,
      0,
      0
    ],
    "vertices": {
      "rawPosition": [
        -30,
        -23,
        0,
        30,
        -23,
        0,
        -30,
        23,
        0,
        30,
        23,
        0
      ],
      "indexes": [
        0,
        1,
        2,
        2,
        1,
        3
      ],
      "uv": [
        6,
        48,
        66,
        48,
        6,
        2,
        66,
        2
      ],
      "nuv": [
        0.08571428571428572,
        0.029850746268656716,
        0.9428571428571428,
        0.029850746268656716,
        0.08571428571428572,
        0.7164179104477612,
        0.9428571428571428,
        0.7164179104477612
      ],
      "minPos": {
        "x": -30,
        "y": -23,
        "z": 0
      },
      "maxPos": {
        "x": 30,
        "y": 23,
        "z": 0
      }
    },
    "texture": "ee75e78a-2909-490d-96ec-e760c337da09@6c48a",
    "packable": true,
    "pixelsToUnit": 100,
    "pivot": {
      "x": 0.5,
      "y": 0.5
    },
    "meshType": 0
  }
}