{
  "__type__": "cc.SpriteFrame",
  "content": {
    "name": "skeleton-animation 2",
    "atlas": "",
    "rect": {
      "x": 3,
      "y": 5,
      "width": 48,
      "height": 84
    },
    "offset": {
      "x": 1,
      "y": -1.5
    },
    "originalSize": {
      "width": 52,
      "height": 91
    },
    "rotated": false,
    "capInsets": [
      0,
      0,
      0,
      0
    ],
    "vertices": {
      "rawPosition": [
        -24,
        -42,
        0,
        24,
        -42,
        0,
        -24,
        42,
        0,
        24,
        42,
        0
      ],
      "indexes": [
        0,
        1,
        2,
        2,
        1,
        3
      ],
      "uv": [
        3,
        86,
        51,
        86,
        3,
        2,
        51,
        2
      ],
      "nuv": [
        0.057692307692307696,
        0.02197802197802198,
        0.9807692307692307,
        0.02197802197802198,
        0.057692307692307696,
        0.945054945054945,
        0.9807692307692307,
        0.945054945054945
      ],
      "minPos": {
        "x": -24,
        "y": -42,
        "z": 0
      },
      "maxPos": {
        "x": 24,
        "y": 42,
        "z": 0
      }
    },
    "texture": "327146cf-4d23-4ae3-a67c-038be5f56e2d@6c48a",
    "packable": true,
    "pixelsToUnit": 100,
    "pivot": {
      "x": 0.5,
      "y": 0.5
    },
    "meshType": 0
  }
}