{
  "__type__": "cc.SpriteFrame",
  "content": {
    "name": "die1",
    "atlas": "",
    "rect": {
      "x": 0,
      "y": 1,
      "width": 49,
      "height": 47
    },
    "offset": {
      "x": -0.5,
      "y": 0
    },
    "originalSize": {
      "width": 50,
      "height": 49
    },
    "rotated": false,
    "capInsets": [
      0,
      0,
      0,
      0
    ],
    "vertices": {
      "rawPosition": [
        -24.5,
        -23.5,
        0,
        24.5,
        -23.5,
        0,
        -24.5,
        23.5,
        0,
        24.5,
        23.5,
        0
      ],
      "indexes": [
        0,
        1,
        2,
        2,
        1,
        3
      ],
      "uv": [
        0,
        48,
        49,
        48,
        0,
        1,
        49,
        1
      ],
      "nuv": [
        0,
        0.02040816326530612,
        0.98,
        0.02040816326530612,
        0,
        0.9795918367346939,
        0.98,
        0.9795918367346939
      ],
      "minPos": {
        "x": -24.5,
        "y": -23.5,
        "z": 0
      },
      "maxPos": {
        "x": 24.5,
        "y": 23.5,
        "z": 0
      }
    },
    "texture": "32723ad4-24c7-4598-a5b6-033250eb9f72@6c48a",
    "packable": true,
    "pixelsToUnit": 100,
    "pivot": {
      "x": 0.5,
      "y": 0.5
    },
    "meshType": 0
  }
}