{
  "__type__": "cc.SpriteFrame",
  "content": {
    "name": "skeleton-animation2 02",
    "atlas": "",
    "rect": {
      "x": 0,
      "y": 11,
      "width": 272,
      "height": 98
    },
    "offset": {
      "x": -5,
      "y": -3.5
    },
    "originalSize": {
      "width": 282,
      "height": 113
    },
    "rotated": false,
    "capInsets": [
      0,
      0,
      0,
      0
    ],
    "vertices": {
      "rawPosition": [
        -136,
        -49,
        0,
        136,
        -49,
        0,
        -136,
        49,
        0,
        136,
        49,
        0
      ],
      "indexes": [
        0,
        1,
        2,
        2,
        1,
        3
      ],
      "uv": [
        0,
        102,
        272,
        102,
        0,
        4,
        272,
        4
      ],
      "nuv": [
        0,
        0.035398230088495575,
        0.9645390070921985,
        0.035398230088495575,
        0,
        0.9026548672566371,
        0.9645390070921985,
        0.9026548672566371
      ],
      "minPos": {
        "x": -136,
        "y": -49,
        "z": 0
      },
      "maxPos": {
        "x": 136,
        "y": 49,
        "z": 0
      }
    },
    "texture": "32b63151-26d1-454a-9069-72f75c53f765@6c48a",
    "packable": true,
    "pixelsToUnit": 100,
    "pivot": {
      "x": 0.5,
      "y": 0.5
    },
    "meshType": 0
  }
}