{
  "__type__": "cc.SpriteFrame",
  "content": {
    "name": "bx1",
    "atlas": "",
    "rect": {
      "x": 1,
      "y": 6,
      "width": 62,
      "height": 62
    },
    "offset": {
      "x": -0.5,
      "y": -3
    },
    "originalSize": {
      "width": 65,
      "height": 68
    },
    "rotated": false,
    "capInsets": [
      0,
      0,
      0,
      0
    ],
    "vertices": {
      "rawPosition": [
        -31,
        -31,
        0,
        31,
        -31,
        0,
        -31,
        31,
        0,
        31,
        31,
        0
      ],
      "indexes": [
        0,
        1,
        2,
        2,
        1,
        3
      ],
      "uv": [
        1,
        62,
        63,
        62,
        1,
        0,
        63,
        0
      ],
      "nuv": [
        0.015384615384615385,
        0,
        0.9692307692307692,
        0,
        0.015384615384615385,
        0.9117647058823529,
        0.9692307692307692,
        0.9117647058823529
      ],
      "minPos": {
        "x": -31,
        "y": -31,
        "z": 0
      },
      "maxPos": {
        "x": 31,
        "y": 31,
        "z": 0
      }
    },
    "texture": "286f5a4c-2d96-4f04-8bb8-61aadafc67a6@6c48a",
    "packable": true,
    "pixelsToUnit": 100,
    "pivot": {
      "x": 0.5,
      "y": 0.5
    },
    "meshType": 0
  }
}