{
  "__type__": "cc.SpriteFrame",
  "content": {
    "name": "xing-animation 02",
    "atlas": "",
    "rect": {
      "x": 446,
      "y": 38,
      "width": 116,
      "height": 47
    },
    "offset": {
      "x": 202.5,
      "y": 1
    },
    "originalSize": {
      "width": 603,
      "height": 125
    },
    "rotated": false,
    "capInsets": [
      0,
      0,
      0,
      0
    ],
    "vertices": {
      "rawPosition": [
        -58,
        -23.5,
        0,
        58,
        -23.5,
        0,
        -58,
        23.5,
        0,
        58,
        23.5,
        0
      ],
      "indexes": [
        0,
        1,
        2,
        2,
        1,
        3
      ],
      "uv": [
        446,
        87,
        562,
        87,
        446,
        40,
        562,
        40
      ],
      "nuv": [
        0.7396351575456053,
        0.32,
        0.9320066334991708,
        0.32,
        0.7396351575456053,
        0.696,
        0.9320066334991708,
        0.696
      ],
      "minPos": {
        "x": -58,
        "y": -23.5,
        "z": 0
      },
      "maxPos": {
        "x": 58,
        "y": 23.5,
        "z": 0
      }
    },
    "texture": "28aed4cb-8864-4b15-ac38-41cc064f1ba5@6c48a",
    "packable": true,
    "pixelsToUnit": 100,
    "pivot": {
      "x": 0.5,
      "y": 0.5
    },
    "meshType": 0
  }
}