{
  "__type__": "cc.SpriteFrame",
  "content": {
    "name": "sd-lv-1 03",
    "atlas": "",
    "rect": {
      "x": 33,
      "y": 22,
      "width": 195,
      "height": 555
    },
    "offset": {
      "x": 8,
      "y": 15.5
    },
    "originalSize": {
      "width": 245,
      "height": 630
    },
    "rotated": false,
    "capInsets": [
      0,
      0,
      0,
      0
    ],
    "vertices": {
      "rawPosition": [
        -97.5,
        -277.5,
        0,
        97.5,
        -277.5,
        0,
        -97.5,
        277.5,
        0,
        97.5,
        277.5,
        0
      ],
      "indexes": [
        0,
        1,
        2,
        2,
        1,
        3
      ],
      "uv": [
        33,
        608,
        228,
        608,
        33,
        53,
        228,
        53
      ],
      "nuv": [
        0.1346938775510204,
        0.08412698412698413,
        0.9306122448979591,
        0.08412698412698413,
        0.1346938775510204,
        0.9650793650793651,
        0.9306122448979591,
        0.9650793650793651
      ],
      "minPos": {
        "x": -97.5,
        "y": -277.5,
        "z": 0
      },
      "maxPos": {
        "x": 97.5,
        "y": 277.5,
        "z": 0
      }
    },
    "texture": "28d045fa-8670-441a-872e-bf8d550b91c5@6c48a",
    "packable": true,
    "pixelsToUnit": 100,
    "pivot": {
      "x": 0.5,
      "y": 0.5
    },
    "meshType": 0
  }
}