{
  "__type__": "cc.SpriteFrame",
  "content": {
    "name": "box3",
    "atlas": "",
    "rect": {
      "x": 0,
      "y": 18,
      "width": 69,
      "height": 47
    },
    "offset": {
      "x": -0.5,
      "y": -8
    },
    "originalSize": {
      "width": 70,
      "height": 67
    },
    "rotated": false,
    "capInsets": [
      0,
      0,
      0,
      0
    ],
    "vertices": {
      "rawPosition": [
        -34.5,
        -23.5,
        0,
        34.5,
        -23.5,
        0,
        -34.5,
        23.5,
        0,
        34.5,
        23.5,
        0
      ],
      "indexes": [
        0,
        1,
        2,
        2,
        1,
        3
      ],
      "uv": [
        0,
        49,
        69,
        49,
        0,
        2,
        69,
        2
      ],
      "nuv": [
        0,
        0.029850746268656716,
        0.9857142857142858,
        0.029850746268656716,
        0,
        0.7313432835820896,
        0.9857142857142858,
        0.7313432835820896
      ],
      "minPos": {
        "x": -34.5,
        "y": -23.5,
        "z": 0
      },
      "maxPos": {
        "x": 34.5,
        "y": 23.5,
        "z": 0
      }
    },
    "texture": "1c271dc9-18b8-4755-b1c3-ed5403b26983@6c48a",
    "packable": true,
    "pixelsToUnit": 100,
    "pivot": {
      "x": 0.5,
      "y": 0.5
    },
    "meshType": 0
  }
}