{
  "__type__": "cc.SpriteFrame",
  "content": {
    "name": "3",
    "atlas": "",
    "rect": {
      "x": 4,
      "y": 1,
      "width": 421,
      "height": 204
    },
    "offset": {
      "x": -5.5,
      "y": 0.5
    },
    "originalSize": {
      "width": 440,
      "height": 207
    },
    "rotated": false,
    "capInsets": [
      0,
      0,
      0,
      0
    ],
    "vertices": {
      "rawPosition": [
        -210.5,
        -102,
        0,
        210.5,
        -102,
        0,
        -210.5,
        102,
        0,
        210.5,
        102,
        0
      ],
      "indexes": [
        0,
        1,
        2,
        2,
        1,
        3
      ],
      "uv": [
        4,
        206,
        425,
        206,
        4,
        2,
        425,
        2
      ],
      "nuv": [
        0.00909090909090909,
        0.00966183574879227,
        0.9659090909090909,
        0.00966183574879227,
        0.00909090909090909,
        0.9951690821256038,
        0.9659090909090909,
        0.9951690821256038
      ],
      "minPos": {
        "x": -210.5,
        "y": -102,
        "z": 0
      },
      "maxPos": {
        "x": 210.5,
        "y": 102,
        "z": 0
      }
    },
    "texture": "1c7ff220-f91b-4f48-b86a-4aa3cdb1fe1d@6c48a",
    "packable": true,
    "pixelsToUnit": 100,
    "pivot": {
      "x": 0.5,
      "y": 0.5
    },
    "meshType": 0
  }
}