{
  "__type__": "cc.SpriteFrame",
  "content": {
    "name": "skeleton-4 06",
    "atlas": "",
    "rect": {
      "x": 51,
      "y": 50,
      "width": 286,
      "height": 281
    },
    "offset": {
      "x": 3.5,
      "y": 0
    },
    "originalSize": {
      "width": 381,
      "height": 381
    },
    "rotated": false,
    "capInsets": [
      0,
      0,
      0,
      0
    ],
    "vertices": {
      "rawPosition": [
        -143,
        -140.5,
        0,
        143,
        -140.5,
        0,
        -143,
        140.5,
        0,
        143,
        140.5,
        0
      ],
      "indexes": [
        0,
        1,
        2,
        2,
        1,
        3
      ],
      "uv": [
        51,
        331,
        337,
        331,
        51,
        50,
        337,
        50
      ],
      "nuv": [
        0.13385826771653545,
        0.13123359580052493,
        0.884514435695538,
        0.13123359580052493,
        0.13385826771653545,
        0.868766404199475,
        0.884514435695538,
        0.868766404199475
      ],
      "minPos": {
        "x": -143,
        "y": -140.5,
        "z": 0
      },
      "maxPos": {
        "x": 143,
        "y": 140.5,
        "z": 0
      }
    },
    "texture": "c470b6f5-b8d5-4951-8017-904f85d6351c@6c48a",
    "packable": true,
    "pixelsToUnit": 100,
    "pivot": {
      "x": 0.5,
      "y": 0.5
    },
    "meshType": 0
  }
}