{
  "__type__": "cc.SpriteFrame",
  "content": {
    "name": "xing-animation 03",
    "atlas": "",
    "rect": {
      "x": 418,
      "y": 43,
      "width": 139,
      "height": 38
    },
    "offset": {
      "x": 186,
      "y": 0.5
    },
    "originalSize": {
      "width": 603,
      "height": 125
    },
    "rotated": false,
    "capInsets": [
      0,
      0,
      0,
      0
    ],
    "vertices": {
      "rawPosition": [
        -69.5,
        -19,
        0,
        69.5,
        -19,
        0,
        -69.5,
        19,
        0,
        69.5,
        19,
        0
      ],
      "indexes": [
        0,
        1,
        2,
        2,
        1,
        3
      ],
      "uv": [
        418,
        82,
        557,
        82,
        418,
        44,
        557,
        44
      ],
      "nuv": [
        0.693200663349917,
        0.352,
        0.9237147595356551,
        0.352,
        0.693200663349917,
        0.656,
        0.9237147595356551,
        0.656
      ],
      "minPos": {
        "x": -69.5,
        "y": -19,
        "z": 0
      },
      "maxPos": {
        "x": 69.5,
        "y": 19,
        "z": 0
      }
    },
    "texture": "8e1a5d38-1369-4fcf-bc54-d2f6e6e0d971@6c48a",
    "packable": true,
    "pixelsToUnit": 100,
    "pivot": {
      "x": 0.5,
      "y": 0.5
    },
    "meshType": 0
  }
}