{
  "__type__": "cc.SpriteFrame",
  "content": {
    "name": "jjs",
    "atlas": "",
    "rect": {
      "x": 2,
      "y": 2,
      "width": 185,
      "height": 510
    },
    "offset": {
      "x": 0,
      "y": 0
    },
    "originalSize": {
      "width": 189,
      "height": 514
    },
    "rotated": false,
    "capInsets": [
      0,
      0,
      0,
      0
    ],
    "vertices": {
      "rawPosition": [
        -92.5,
        -255,
        0,
        92.5,
        -255,
        0,
        -92.5,
        255,
        0,
        92.5,
        255,
        0
      ],
      "indexes": [
        0,
        1,
        2,
        2,
        1,
        3
      ],
      "uv": [
        2,
        512,
        187,
        512,
        2,
        2,
        187,
        2
      ],
      "nuv": [
        0.010582010582010581,
        0.0038910505836575876,
        0.9894179894179894,
        0.0038910505836575876,
        0.010582010582010581,
        0.9961089494163424,
        0.9894179894179894,
        0.9961089494163424
      ],
      "minPos": {
        "x": -92.5,
        "y": -255,
        "z": 0
      },
      "maxPos": {
        "x": 92.5,
        "y": 255,
        "z": 0
      }
    },
    "texture": "f154cc23-0068-4492-be44-769537e5a756@6c48a",
    "packable": true,
    "pixelsToUnit": 100,
    "pivot": {
      "x": 0.5,
      "y": 0.5
    },
    "meshType": 0
  }
}