{
  "__type__": "cc.SpriteFrame",
  "content": {
    "name": "zhizhu-b2 6",
    "atlas": "",
    "rect": {
      "x": 2,
      "y": 1,
      "width": 37,
      "height": 56
    },
    "offset": {
      "x": -10.5,
      "y": 2.5
    },
    "originalSize": {
      "width": 62,
      "height": 63
    },
    "rotated": false,
    "capInsets": [
      0,
      0,
      0,
      0
    ],
    "vertices": {
      "rawPosition": [
        -18.5,
        -28,
        0,
        18.5,
        -28,
        0,
        -18.5,
        28,
        0,
        18.5,
        28,
        0
      ],
      "indexes": [
        0,
        1,
        2,
        2,
        1,
        3
      ],
      "uv": [
        2,
        62,
        39,
        62,
        2,
        6,
        39,
        6
      ],
      "nuv": [
        0.03225806451612903,
        0.09523809523809523,
        0.6290322580645161,
        0.09523809523809523,
        0.03225806451612903,
        0.9841269841269841,
        0.6290322580645161,
        0.9841269841269841
      ],
      "minPos": {
        "x": -18.5,
        "y": -28,
        "z": 0
      },
      "maxPos": {
        "x": 18.5,
        "y": 28,
        "z": 0
      }
    },
    "texture": "4c199841-aeb0-4ab9-9d97-18ad8803cee2@6c48a",
    "packable": true,
    "pixelsToUnit": 100,
    "pivot": {
      "x": 0.5,
      "y": 0.5
    },
    "meshType": 0
  }
}