{
  "__type__": "cc.SpriteFrame",
  "content": {
    "name": "task",
    "atlas": "",
    "rect": {
      "x": 18,
      "y": 17,
      "width": 69,
      "height": 71
    },
    "offset": {
      "x": 6,
      "y": -6
    },
    "originalSize": {
      "width": 93,
      "height": 93
    },
    "rotated": false,
    "capInsets": [
      0,
      0,
      0,
      0
    ],
    "vertices": {
      "rawPosition": [
        -34.5,
        -35.5,
        0,
        34.5,
        -35.5,
        0,
        -34.5,
        35.5,
        0,
        34.5,
        35.5,
        0
      ],
      "indexes": [
        0,
        1,
        2,
        2,
        1,
        3
      ],
      "uv": [
        18,
        76,
        87,
        76,
        18,
        5,
        87,
        5
      ],
      "nuv": [
        0.1935483870967742,
        0.053763440860215055,
        0.9354838709677419,
        0.053763440860215055,
        0.1935483870967742,
        0.8172043010752689,
        0.9354838709677419,
        0.8172043010752689
      ],
      "minPos": {
        "x": -34.5,
        "y": -35.5,
        "z": 0
      },
      "maxPos": {
        "x": 34.5,
        "y": 35.5,
        "z": 0
      }
    },
    "texture": "4c36f6d3-bbde-4cc4-9b4c-4259fa44cc4e@6c48a",
    "packable": true,
    "pixelsToUnit": 100,
    "pivot": {
      "x": 0.5,
      "y": 0.5
    },
    "meshType": 0
  }
}