{
  "__type__": "cc.SpriteFrame",
  "content": {
    "name": "zhizhu-b2 3",
    "atlas": "",
    "rect": {
      "x": 0,
      "y": 1,
      "width": 62,
      "height": 60
    },
    "offset": {
      "x": 0,
      "y": 0.5
    },
    "originalSize": {
      "width": 62,
      "height": 63
    },
    "rotated": false,
    "capInsets": [
      0,
      0,
      0,
      0
    ],
    "vertices": {
      "rawPosition": [
        -31,
        -30,
        0,
        31,
        -30,
        0,
        -31,
        30,
        0,
        31,
        30,
        0
      ],
      "indexes": [
        0,
        1,
        2,
        2,
        1,
        3
      ],
      "uv": [
        0,
        62,
        62,
        62,
        0,
        2,
        62,
        2
      ],
      "nuv": [
        0,
        0.031746031746031744,
        1,
        0.031746031746031744,
        0,
        0.9841269841269841,
        1,
        0.9841269841269841
      ],
      "minPos": {
        "x": -31,
        "y": -30,
        "z": 0
      },
      "maxPos": {
        "x": 31,
        "y": 30,
        "z": 0
      }
    },
    "texture": "4c875aa5-2a78-49b9-a60e-94a26f545d31@6c48a",
    "packable": true,
    "pixelsToUnit": 100,
    "pivot": {
      "x": 0.5,
      "y": 0.5
    },
    "meshType": 0
  }
}