{
  "__type__": "cc.SpriteFrame",
  "content": {
    "name": "sd-lv-1 07",
    "atlas": "",
    "rect": {
      "x": 27,
      "y": 7,
      "width": 195,
      "height": 595
    },
    "offset": {
      "x": 2,
      "y": 10.5
    },
    "originalSize": {
      "width": 245,
      "height": 630
    },
    "rotated": false,
    "capInsets": [
      0,
      0,
      0,
      0
    ],
    "vertices": {
      "rawPosition": [
        -97.5,
        -297.5,
        0,
        97.5,
        -297.5,
        0,
        -97.5,
        297.5,
        0,
        97.5,
        297.5,
        0
      ],
      "indexes": [
        0,
        1,
        2,
        2,
        1,
        3
      ],
      "uv": [
        27,
        623,
        222,
        623,
        27,
        28,
        222,
        28
      ],
      "nuv": [
        0.11020408163265306,
        0.044444444444444446,
        0.9061224489795918,
        0.044444444444444446,
        0.11020408163265306,
        0.9888888888888889,
        0.9061224489795918,
        0.9888888888888889
      ],
      "minPos": {
        "x": -97.5,
        "y": -297.5,
        "z": 0
      },
      "maxPos": {
        "x": 97.5,
        "y": 297.5,
        "z": 0
      }
    },
    "texture": "6a0a6ef7-0c8a-48c1-8da4-cb99bc317c57@6c48a",
    "packable": true,
    "pixelsToUnit": 100,
    "pivot": {
      "x": 0.5,
      "y": 0.5
    },
    "meshType": 0
  }
}