{
  "__type__": "cc.SpriteFrame",
  "content": {
    "name": "skeleton-animation2 04",
    "atlas": "",
    "rect": {
      "x": 14,
      "y": 0,
      "width": 268,
      "height": 111
    },
    "offset": {
      "x": 7,
      "y": 1
    },
    "originalSize": {
      "width": 282,
      "height": 113
    },
    "rotated": false,
    "capInsets": [
      0,
      0,
      0,
      0
    ],
    "vertices": {
      "rawPosition": [
        -134,
        -55.5,
        0,
        134,
        -55.5,
        0,
        -134,
        55.5,
        0,
        134,
        55.5,
        0
      ],
      "indexes": [
        0,
        1,
        2,
        2,
        1,
        3
      ],
      "uv": [
        14,
        113,
        282,
        113,
        14,
        2,
        282,
        2
      ],
      "nuv": [
        0.04964539007092199,
        0.017699115044247787,
        1,
        0.017699115044247787,
        0.04964539007092199,
        1,
        1,
        1
      ],
      "minPos": {
        "x": -134,
        "y": -55.5,
        "z": 0
      },
      "maxPos": {
        "x": 134,
        "y": 55.5,
        "z": 0
      }
    },
    "texture": "6a626ebc-eb78-4f4d-952d-a88e8644cef1@6c48a",
    "packable": true,
    "pixelsToUnit": 100,
    "pivot": {
      "x": 0.5,
      "y": 0.5
    },
    "meshType": 0
  }
}