{
  "__type__": "cc.SpriteFrame",
  "content": {
    "name": "skeleton-animation 4",
    "atlas": "",
    "rect": {
      "x": 0,
      "y": 0,
      "width": 50,
      "height": 81
    },
    "offset": {
      "x": -1,
      "y": 5
    },
    "originalSize": {
      "width": 52,
      "height": 91
    },
    "rotated": false,
    "capInsets": [
      0,
      0,
      0,
      0
    ],
    "vertices": {
      "rawPosition": [
        -25,
        -40.5,
        0,
        25,
        -40.5,
        0,
        -25,
        40.5,
        0,
        25,
        40.5,
        0
      ],
      "indexes": [
        0,
        1,
        2,
        2,
        1,
        3
      ],
      "uv": [
        0,
        91,
        50,
        91,
        0,
        10,
        50,
        10
      ],
      "nuv": [
        0,
        0.10989010989010989,
        0.9615384615384616,
        0.10989010989010989,
        0,
        1,
        0.9615384615384616,
        1
      ],
      "minPos": {
        "x": -25,
        "y": -40.5,
        "z": 0
      },
      "maxPos": {
        "x": 25,
        "y": 40.5,
        "z": 0
      }
    },
    "texture": "71e01729-1f09-403f-b2ff-0b162ca8354d@6c48a",
    "packable": true,
    "pixelsToUnit": 100,
    "pivot": {
      "x": 0.5,
      "y": 0.5
    },
    "meshType": 0
  }
}