{
  "__type__": "cc.SpriteFrame",
  "content": {
    "name": "1",
    "atlas": "",
    "rect": {
      "x": 18,
      "y": 24,
      "width": 240,
      "height": 239
    },
    "offset": {
      "x": 8.5,
      "y": -4
    },
    "originalSize": {
      "width": 259,
      "height": 279
    },
    "rotated": false,
    "capInsets": [
      0,
      0,
      0,
      0
    ],
    "vertices": {
      "rawPosition": [
        -120,
        -119.5,
        0,
        120,
        -119.5,
        0,
        -120,
        119.5,
        0,
        120,
        119.5,
        0
      ],
      "indexes": [
        0,
        1,
        2,
        2,
        1,
        3
      ],
      "uv": [
        18,
        255,
        258,
        255,
        18,
        16,
        258,
        16
      ],
      "nuv": [
        0.0694980694980695,
        0.05734767025089606,
        0.9961389961389961,
        0.05734767025089606,
        0.0694980694980695,
        0.9139784946236559,
        0.9961389961389961,
        0.9139784946236559
      ],
      "minPos": {
        "x": -120,
        "y": -119.5,
        "z": 0
      },
      "maxPos": {
        "x": 120,
        "y": 119.5,
        "z": 0
      }
    },
    "texture": "95bf24ec-94ba-4123-9b50-30035c67cc8f@6c48a",
    "packable": true,
    "pixelsToUnit": 100,
    "pivot": {
      "x": 0.5,
      "y": 0.5
    },
    "meshType": 0
  }
}