{
  "__type__": "cc.SpriteFrame",
  "content": {
    "name": "prop_dayAct",
    "atlas": "",
    "rect": {
      "x": 11,
      "y": 3,
      "width": 70,
      "height": 86
    },
    "offset": {
      "x": 0.5,
      "y": -0.5
    },
    "originalSize": {
      "width": 91,
      "height": 91
    },
    "rotated": false,
    "capInsets": [
      0,
      0,
      0,
      0
    ],
    "vertices": {
      "rawPosition": [
        -35,
        -43,
        0,
        35,
        -43,
        0,
        -35,
        43,
        0,
        35,
        43,
        0
      ],
      "indexes": [
        0,
        1,
        2,
        2,
        1,
        3
      ],
      "uv": [
        11,
        88,
        81,
        88,
        11,
        2,
        81,
        2
      ],
      "nuv": [
        0.12087912087912088,
        0.02197802197802198,
        0.8901098901098901,
        0.02197802197802198,
        0.12087912087912088,
        0.967032967032967,
        0.8901098901098901,
        0.967032967032967
      ],
      "minPos": {
        "x": -35,
        "y": -43,
        "z": 0
      },
      "maxPos": {
        "x": 35,
        "y": 43,
        "z": 0
      }
    },
    "texture": "c7526a76-fd79-4030-b3d3-cd2ec4b2ae72@6c48a",
    "packable": true,
    "pixelsToUnit": 100,
    "pivot": {
      "x": 0.5,
      "y": 0.5
    },
    "meshType": 0
  }
}