{
  "__type__": "cc.SpriteFrame",
  "content": {
    "name": "skeleton-4 12",
    "atlas": "",
    "rect": {
      "x": 0,
      "y": 0,
      "width": 381,
      "height": 380
    },
    "offset": {
      "x": 0,
      "y": 0.5
    },
    "originalSize": {
      "width": 381,
      "height": 381
    },
    "rotated": false,
    "capInsets": [
      0,
      0,
      0,
      0
    ],
    "vertices": {
      "rawPosition": [
        -190.5,
        -190,
        0,
        190.5,
        -190,
        0,
        -190.5,
        190,
        0,
        190.5,
        190,
        0
      ],
      "indexes": [
        0,
        1,
        2,
        2,
        1,
        3
      ],
      "uv": [
        0,
        381,
        381,
        381,
        0,
        1,
        381,
        1
      ],
      "nuv": [
        0,
        0.0026246719160104987,
        1,
        0.0026246719160104987,
        0,
        1,
        1,
        1
      ],
      "minPos": {
        "x": -190.5,
        "y": -190,
        "z": 0
      },
      "maxPos": {
        "x": 190.5,
        "y": 190,
        "z": 0
      }
    },
    "texture": "ff44a568-711b-4e5b-84f5-30a3824a280f@6c48a",
    "packable": true,
    "pixelsToUnit": 100,
    "pivot": {
      "x": 0.5,
      "y": 0.5
    },
    "meshType": 0
  }
}