{
  "__type__": "cc.SpriteFrame",
  "content": {
    "name": "mifeng-a 04",
    "atlas": "",
    "rect": {
      "x": 4,
      "y": 2,
      "width": 68,
      "height": 66
    },
    "offset": {
      "x": 0,
      "y": 0
    },
    "originalSize": {
      "width": 76,
      "height": 70
    },
    "rotated": false,
    "capInsets": [
      0,
      0,
      0,
      0
    ],
    "vertices": {
      "rawPosition": [
        -34,
        -33,
        0,
        34,
        -33,
        0,
        -34,
        33,
        0,
        34,
        33,
        0
      ],
      "indexes": [
        0,
        1,
        2,
        2,
        1,
        3
      ],
      "uv": [
        4,
        68,
        72,
        68,
        4,
        2,
        72,
        2
      ],
      "nuv": [
        0.05263157894736842,
        0.02857142857142857,
        0.9473684210526315,
        0.02857142857142857,
        0.05263157894736842,
        0.9714285714285714,
        0.9473684210526315,
        0.9714285714285714
      ],
      "minPos": {
        "x": -34,
        "y": -33,
        "z": 0
      },
      "maxPos": {
        "x": 34,
        "y": 33,
        "z": 0
      }
    },
    "texture": "ffbee334-ccf5-4acb-9e10-385ad2765a89@6c48a",
    "packable": true,
    "pixelsToUnit": 100,
    "pivot": {
      "x": 0.5,
      "y": 0.5
    },
    "meshType": 0
  }
}