{
  "__type__": "cc.SpriteFrame",
  "content": {
    "name": "frame",
    "atlas": "",
    "rect": {
      "x": 4,
      "y": 4,
      "width": 504,
      "height": 508
    },
    "offset": {
      "x": 0,
      "y": -2
    },
    "originalSize": {
      "width": 512,
      "height": 512
    },
    "rotated": false,
    "capInsets": [
      0,
      0,
      0,
      0
    ],
    "vertices": {
      "rawPosition": [
        -252,
        -254,
        0,
        252,
        -254,
        0,
        -252,
        254,
        0,
        252,
        254,
        0
      ],
      "indexes": [
        0,
        1,
        2,
        2,
        1,
        3
      ],
      "uv": [
        4,
        508,
        508,
        508,
        4,
        0,
        508,
        0
      ],
      "nuv": [
        0.0078125,
        0,
        0.9921875,
        0,
        0.0078125,
        0.9921875,
        0.9921875,
        0.9921875
      ],
      "minPos": {
        "x": -252,
        "y": -254,
        "z": 0
      },
      "maxPos": {
        "x": 252,
        "y": 254,
        "z": 0
      }
    },
    "texture": "9ee12b19-c7d4-4705-a742-863fe07467ef@6c48a",
    "packable": true,
    "pixelsToUnit": 100,
    "pivot": {
      "x": 0.5,
      "y": 0.5
    },
    "meshType": 0
  }
}