{
  "__type__": "cc.SpriteFrame",
  "content": {
    "name": "kk5",
    "atlas": "",
    "rect": {
      "x": 31,
      "y": 6,
      "width": 187,
      "height": 144
    },
    "offset": {
      "x": 14.5,
      "y": 3
    },
    "originalSize": {
      "width": 220,
      "height": 162
    },
    "rotated": false,
    "capInsets": [
      0,
      0,
      0,
      0
    ],
    "vertices": {
      "rawPosition": [
        -93.5,
        -72,
        0,
        93.5,
        -72,
        0,
        -93.5,
        72,
        0,
        93.5,
        72,
        0
      ],
      "indexes": [
        0,
        1,
        2,
        2,
        1,
        3
      ],
      "uv": [
        31,
        156,
        218,
        156,
        31,
        12,
        218,
        12
      ],
      "nuv": [
        0.1409090909090909,
        0.07407407407407407,
        0.990909090909091,
        0.07407407407407407,
        0.1409090909090909,
        0.9629629629629629,
        0.990909090909091,
        0.9629629629629629
      ],
      "minPos": {
        "x": -93.5,
        "y": -72,
        "z": 0
      },
      "maxPos": {
        "x": 93.5,
        "y": 72,
        "z": 0
      }
    },
    "texture": "9ef313b6-465d-46f6-bb78-ea211e247d93@6c48a",
    "packable": true,
    "pixelsToUnit": 100,
    "pivot": {
      "x": 0.5,
      "y": 0.5
    },
    "meshType": 0
  }
}