{
  "__type__": "cc.SpriteFrame",
  "content": {
    "name": "skin2",
    "atlas": "",
    "rect": {
      "x": 4,
      "y": 63,
      "width": 106,
      "height": 200
    },
    "offset": {
      "x": -1,
      "y": -31.5
    },
    "originalSize": {
      "width": 116,
      "height": 263
    },
    "rotated": false,
    "capInsets": [
      0,
      0,
      0,
      0
    ],
    "vertices": {
      "rawPosition": [
        -53,
        -100,
        0,
        53,
        -100,
        0,
        -53,
        100,
        0,
        53,
        100,
        0
      ],
      "indexes": [
        0,
        1,
        2,
        2,
        1,
        3
      ],
      "uv": [
        4,
        200,
        110,
        200,
        4,
        0,
        110,
        0
      ],
      "nuv": [
        0.034482758620689655,
        0,
        0.9482758620689655,
        0,
        0.034482758620689655,
        0.7604562737642585,
        0.9482758620689655,
        0.7604562737642585
      ],
      "minPos": {
        "x": -53,
        "y": -100,
        "z": 0
      },
      "maxPos": {
        "x": 53,
        "y": 100,
        "z": 0
      }
    },
    "texture": "e99adbb1-3d60-414d-93bd-306d96224097@6c48a",
    "packable": true,
    "pixelsToUnit": 100,
    "pivot": {
      "x": 0.5,
      "y": 0.5
    },
    "meshType": 0
  }
}