{
  "__type__": "cc.SpriteFrame",
  "content": {
    "name": "die3",
    "atlas": "",
    "rect": {
      "x": 5,
      "y": 6,
      "width": 43,
      "height": 40
    },
    "offset": {
      "x": 1.5,
      "y": -1.5
    },
    "originalSize": {
      "width": 50,
      "height": 49
    },
    "rotated": false,
    "capInsets": [
      0,
      0,
      0,
      0
    ],
    "vertices": {
      "rawPosition": [
        -21.5,
        -20,
        0,
        21.5,
        -20,
        0,
        -21.5,
        20,
        0,
        21.5,
        20,
        0
      ],
      "indexes": [
        0,
        1,
        2,
        2,
        1,
        3
      ],
      "uv": [
        5,
        43,
        48,
        43,
        5,
        3,
        48,
        3
      ],
      "nuv": [
        0.1,
        0.061224489795918366,
        0.96,
        0.061224489795918366,
        0.1,
        0.8775510204081632,
        0.96,
        0.8775510204081632
      ],
      "minPos": {
        "x": -21.5,
        "y": -20,
        "z": 0
      },
      "maxPos": {
        "x": 21.5,
        "y": 20,
        "z": 0
      }
    },
    "texture": "2b9f254a-58f9-4e87-8215-e6acbe129f31@6c48a",
    "packable": true,
    "pixelsToUnit": 100,
    "pivot": {
      "x": 0.5,
      "y": 0.5
    },
    "meshType": 0
  }
}