{
  "__type__": "cc.SpriteFrame",
  "content": {
    "name": "yd",
    "atlas": "",
    "rect": {
      "x": 2,
      "y": 2,
      "width": 429,
      "height": 152
    },
    "offset": {
      "x": -39.5,
      "y": 50
    },
    "originalSize": {
      "width": 512,
      "height": 256
    },
    "rotated": false,
    "capInsets": [
      0,
      0,
      0,
      0
    ],
    "vertices": {
      "rawPosition": [
        -214.5,
        -76,
        0,
        214.5,
        -76,
        0,
        -214.5,
        76,
        0,
        214.5,
        76,
        0
      ],
      "indexes": [
        0,
        1,
        2,
        2,
        1,
        3
      ],
      "uv": [
        2,
        254,
        431,
        254,
        2,
        102,
        431,
        102
      ],
      "nuv": [
        0.00390625,
        0.3984375,
        0.841796875,
        0.3984375,
        0.00390625,
        0.9921875,
        0.841796875,
        0.9921875
      ],
      "minPos": {
        "x": -214.5,
        "y": -76,
        "z": 0
      },
      "maxPos": {
        "x": 214.5,
        "y": 76,
        "z": 0
      }
    },
    "texture": "e7ae79f9-da53-48d7-9045-86cf23e396ad@6c48a",
    "packable": true,
    "pixelsToUnit": 100,
    "pivot": {
      "x": 0.5,
      "y": 0.5
    },
    "meshType": 0
  }
}