{
  "__type__": "cc.SpriteFrame",
  "content": {
    "name": "sd-lv-1 10",
    "atlas": "",
    "rect": {
      "x": 44,
      "y": 7,
      "width": 151,
      "height": 623
    },
    "offset": {
      "x": -3,
      "y": -3.5
    },
    "originalSize": {
      "width": 245,
      "height": 630
    },
    "rotated": false,
    "capInsets": [
      0,
      0,
      0,
      0
    ],
    "vertices": {
      "rawPosition": [
        -75.5,
        -311.5,
        0,
        75.5,
        -311.5,
        0,
        -75.5,
        311.5,
        0,
        75.5,
        311.5,
        0
      ],
      "indexes": [
        0,
        1,
        2,
        2,
        1,
        3
      ],
      "uv": [
        44,
        623,
        195,
        623,
        44,
        0,
        195,
        0
      ],
      "nuv": [
        0.17959183673469387,
        0,
        0.7959183673469388,
        0,
        0.17959183673469387,
        0.9888888888888889,
        0.7959183673469388,
        0.9888888888888889
      ],
      "minPos": {
        "x": -75.5,
        "y": -311.5,
        "z": 0
      },
      "maxPos": {
        "x": 75.5,
        "y": 311.5,
        "z": 0
      }
    },
    "texture": "6dc1f177-0413-40c6-a771-37faa74543d7@6c48a",
    "packable": true,
    "pixelsToUnit": 100,
    "pivot": {
      "x": 0.5,
      "y": 0.5
    },
    "meshType": 0
  }
}