{
  "__type__": "cc.SpriteFrame",
  "content": {
    "name": "dot",
    "atlas": "",
    "rect": {
      "x": 27,
      "y": 22,
      "width": 76,
      "height": 76
    },
    "offset": {
      "x": 1,
      "y": 4
    },
    "originalSize": {
      "width": 128,
      "height": 128
    },
    "rotated": false,
    "capInsets": [
      0,
      0,
      0,
      0
    ],
    "vertices": {
      "rawPosition": [
        -38,
        -38,
        0,
        38,
        -38,
        0,
        -38,
        38,
        0,
        38,
        38,
        0
      ],
      "indexes": [
        0,
        1,
        2,
        2,
        1,
        3
      ],
      "uv": [
        27,
        106,
        103,
        106,
        27,
        30,
        103,
        30
      ],
      "nuv": [
        0.2109375,
        0.234375,
        0.8046875,
        0.234375,
        0.2109375,
        0.828125,
        0.8046875,
        0.828125
      ],
      "minPos": {
        "x": -38,
        "y": -38,
        "z": 0
      },
      "maxPos": {
        "x": 38,
        "y": 38,
        "z": 0
      }
    },
    "texture": "af6538f3-1fb6-4b73-8b98-70072e60c06a@6c48a",
    "packable": true,
    "pixelsToUnit": 100,
    "pivot": {
      "x": 0.5,
      "y": 0.5
    },
    "meshType": 0
  }
}