{
  "__type__": "cc.SpriteFrame",
  "content": {
    "name": "skeleton-animation2 7",
    "atlas": "",
    "rect": {
      "x": 18,
      "y": 20,
      "width": 72,
      "height": 80
    },
    "offset": {
      "x": 0,
      "y": 0
    },
    "originalSize": {
      "width": 108,
      "height": 120
    },
    "rotated": false,
    "capInsets": [
      0,
      0,
      0,
      0
    ],
    "vertices": {
      "rawPosition": [
        -36,
        -40,
        0,
        36,
        -40,
        0,
        -36,
        40,
        0,
        36,
        40,
        0
      ],
      "indexes": [
        0,
        1,
        2,
        2,
        1,
        3
      ],
      "uv": [
        18,
        100,
        90,
        100,
        18,
        20,
        90,
        20
      ],
      "nuv": [
        0.16666666666666666,
        0.16666666666666666,
        0.8333333333333334,
        0.16666666666666666,
        0.16666666666666666,
        0.8333333333333334,
        0.8333333333333334,
        0.8333333333333334
      ],
      "minPos": {
        "x": -36,
        "y": -40,
        "z": 0
      },
      "maxPos": {
        "x": 36,
        "y": 40,
        "z": 0
      }
    },
    "texture": "afed5da6-6538-42fe-a5b5-407eedf860c8@6c48a",
    "packable": true,
    "pixelsToUnit": 100,
    "pivot": {
      "x": 0.5,
      "y": 0.5
    },
    "meshType": 0
  }
}