{
  "__type__": "cc.SpriteFrame",
  "content": {
    "name": "jqr-blue 09",
    "atlas": "",
    "rect": {
      "x": 12,
      "y": 0,
      "width": 150,
      "height": 200
    },
    "offset": {
      "x": -1.5,
      "y": 1.5
    },
    "originalSize": {
      "width": 177,
      "height": 203
    },
    "rotated": false,
    "capInsets": [
      0,
      0,
      0,
      0
    ],
    "vertices": {
      "rawPosition": [
        -75,
        -100,
        0,
        75,
        -100,
        0,
        -75,
        100,
        0,
        75,
        100,
        0
      ],
      "indexes": [
        0,
        1,
        2,
        2,
        1,
        3
      ],
      "uv": [
        12,
        203,
        162,
        203,
        12,
        3,
        162,
        3
      ],
      "nuv": [
        0.06779661016949153,
        0.014778325123152709,
        0.9152542372881356,
        0.014778325123152709,
        0.06779661016949153,
        1,
        0.9152542372881356,
        1
      ],
      "minPos": {
        "x": -75,
        "y": -100,
        "z": 0
      },
      "maxPos": {
        "x": 75,
        "y": 100,
        "z": 0
      }
    },
    "texture": "051ce537-8926-4aa8-b4da-a174552d19f8@6c48a",
    "packable": true,
    "pixelsToUnit": 100,
    "pivot": {
      "x": 0.5,
      "y": 0.5
    },
    "meshType": 0
  }
}