{
  "__type__": "cc.SpriteFrame",
  "content": {
    "name": "pig-animation_03",
    "atlas": "",
    "rect": {
      "x": 0,
      "y": 3,
      "width": 53,
      "height": 38
    },
    "offset": {
      "x": -0.5,
      "y": -1.5
    },
    "originalSize": {
      "width": 54,
      "height": 41
    },
    "rotated": false,
    "capInsets": [
      0,
      0,
      0,
      0
    ],
    "vertices": {
      "rawPosition": [
        -26.5,
        -19,
        0,
        26.5,
        -19,
        0,
        -26.5,
        19,
        0,
        26.5,
        19,
        0
      ],
      "indexes": [
        0,
        1,
        2,
        2,
        1,
        3
      ],
      "uv": [
        0,
        38,
        53,
        38,
        0,
        0,
        53,
        0
      ],
      "nuv": [
        0,
        0,
        0.9814814814814815,
        0,
        0,
        0.926829268292683,
        0.9814814814814815,
        0.926829268292683
      ],
      "minPos": {
        "x": -26.5,
        "y": -19,
        "z": 0
      },
      "maxPos": {
        "x": 26.5,
        "y": 19,
        "z": 0
      }
    },
    "texture": "055d27f6-69cb-4d0b-b9aa-b21b4611f1cb@6c48a",
    "packable": true,
    "pixelsToUnit": 100,
    "pivot": {
      "x": 0.5,
      "y": 0.5
    },
    "meshType": 0
  }
}