{
  "__type__": "cc.SpriteFrame",
  "content": {
    "name": "leida-Bwalk 00",
    "atlas": "",
    "rect": {
      "x": 17,
      "y": 2,
      "width": 43,
      "height": 65
    },
    "offset": {
      "x": 3.5,
      "y": -0.5
    },
    "originalSize": {
      "width": 70,
      "height": 68
    },
    "rotated": false,
    "capInsets": [
      0,
      0,
      0,
      0
    ],
    "vertices": {
      "rawPosition": [
        -21.5,
        -32.5,
        0,
        21.5,
        -32.5,
        0,
        -21.5,
        32.5,
        0,
        21.5,
        32.5,
        0
      ],
      "indexes": [
        0,
        1,
        2,
        2,
        1,
        3
      ],
      "uv": [
        17,
        66,
        60,
        66,
        17,
        1,
        60,
        1
      ],
      "nuv": [
        0.24285714285714285,
        0.014705882352941176,
        0.8571428571428571,
        0.014705882352941176,
        0.24285714285714285,
        0.9705882352941176,
        0.8571428571428571,
        0.9705882352941176
      ],
      "minPos": {
        "x": -21.5,
        "y": -32.5,
        "z": 0
      },
      "maxPos": {
        "x": 21.5,
        "y": 32.5,
        "z": 0
      }
    },
    "texture": "05947967-16c1-41b9-8c80-c77ed75eb802@6c48a",
    "packable": true,
    "pixelsToUnit": 100,
    "pivot": {
      "x": 0.5,
      "y": 0.5
    },
    "meshType": 0
  }
}