{
  "__type__": "cc.SpriteFrame",
  "content": {
    "name": "xylc",
    "atlas": "",
    "rect": {
      "x": 2,
      "y": 2,
      "width": 309,
      "height": 505
    },
    "offset": {
      "x": -99.5,
      "y": 1.5
    },
    "originalSize": {
      "width": 512,
      "height": 512
    },
    "rotated": false,
    "capInsets": [
      0,
      0,
      0,
      0
    ],
    "vertices": {
      "rawPosition": [
        -154.5,
        -252.5,
        0,
        154.5,
        -252.5,
        0,
        -154.5,
        252.5,
        0,
        154.5,
        252.5,
        0
      ],
      "indexes": [
        0,
        1,
        2,
        2,
        1,
        3
      ],
      "uv": [
        2,
        510,
        311,
        510,
        2,
        5,
        311,
        5
      ],
      "nuv": [
        0.00390625,
        0.009765625,
        0.607421875,
        0.009765625,
        0.00390625,
        0.99609375,
        0.607421875,
        0.99609375
      ],
      "minPos": {
        "x": -154.5,
        "y": -252.5,
        "z": 0
      },
      "maxPos": {
        "x": 154.5,
        "y": 252.5,
        "z": 0
      }
    },
    "texture": "05a608ca-e463-4559-9a90-05fab69477e5@6c48a",
    "packable": true,
    "pixelsToUnit": 100,
    "pivot": {
      "x": 0.5,
      "y": 0.5
    },
    "meshType": 0
  }
}