{
  "__type__": "cc.SpriteFrame",
  "content": {
    "name": "zuan-animation 0",
    "atlas": "",
    "rect": {
      "x": 48,
      "y": 40,
      "width": 109,
      "height": 118
    },
    "offset": {
      "x": 20.5,
      "y": 9.5
    },
    "originalSize": {
      "width": 164,
      "height": 217
    },
    "rotated": false,
    "capInsets": [
      0,
      0,
      0,
      0
    ],
    "vertices": {
      "rawPosition": [
        -54.5,
        -59,
        0,
        54.5,
        -59,
        0,
        -54.5,
        59,
        0,
        54.5,
        59,
        0
      ],
      "indexes": [
        0,
        1,
        2,
        2,
        1,
        3
      ],
      "uv": [
        48,
        177,
        157,
        177,
        48,
        59,
        157,
        59
      ],
      "nuv": [
        0.2926829268292683,
        0.271889400921659,
        0.9573170731707317,
        0.271889400921659,
        0.2926829268292683,
        0.815668202764977,
        0.9573170731707317,
        0.815668202764977
      ],
      "minPos": {
        "x": -54.5,
        "y": -59,
        "z": 0
      },
      "maxPos": {
        "x": 54.5,
        "y": 59,
        "z": 0
      }
    },
    "texture": "0be14581-e73f-49cb-8acb-fb9b435e101e@6c48a",
    "packable": true,
    "pixelsToUnit": 100,
    "pivot": {
      "x": 0.5,
      "y": 0.5
    },
    "meshType": 0
  }
}