{
  "__type__": "cc.SpriteFrame",
  "content": {
    "name": "dog-a_16",
    "atlas": "",
    "rect": {
      "x": 0,
      "y": 4,
      "width": 51,
      "height": 52
    },
    "offset": {
      "x": -1.5,
      "y": -2
    },
    "originalSize": {
      "width": 54,
      "height": 56
    },
    "rotated": false,
    "capInsets": [
      0,
      0,
      0,
      0
    ],
    "vertices": {
      "rawPosition": [
        -25.5,
        -26,
        0,
        25.5,
        -26,
        0,
        -25.5,
        26,
        0,
        25.5,
        26,
        0
      ],
      "indexes": [
        0,
        1,
        2,
        2,
        1,
        3
      ],
      "uv": [
        0,
        52,
        51,
        52,
        0,
        0,
        51,
        0
      ],
      "nuv": [
        0,
        0,
        0.9444444444444444,
        0,
        0,
        0.9285714285714286,
        0.9444444444444444,
        0.9285714285714286
      ],
      "minPos": {
        "x": -25.5,
        "y": -26,
        "z": 0
      },
      "maxPos": {
        "x": 25.5,
        "y": 26,
        "z": 0
      }
    },
    "texture": "6803f9f2-7c76-44e2-a5e3-ea213dc2d80e@6c48a",
    "packable": true,
    "pixelsToUnit": 100,
    "pivot": {
      "x": 0.5,
      "y": 0.5
    },
    "meshType": 0
  }
}