{
  "__type__": "cc.SpriteFrame",
  "content": {
    "name": "prop_energy",
    "atlas": "",
    "rect": {
      "x": 10,
      "y": 3,
      "width": 46,
      "height": 58
    },
    "offset": {
      "x": 1.5,
      "y": -0.5
    },
    "originalSize": {
      "width": 63,
      "height": 63
    },
    "rotated": false,
    "capInsets": [
      0,
      0,
      0,
      0
    ],
    "vertices": {
      "rawPosition": [
        -23,
        -29,
        0,
        23,
        -29,
        0,
        -23,
        29,
        0,
        23,
        29,
        0
      ],
      "indexes": [
        0,
        1,
        2,
        2,
        1,
        3
      ],
      "uv": [
        10,
        60,
        56,
        60,
        10,
        2,
        56,
        2
      ],
      "nuv": [
        0.15873015873015872,
        0.031746031746031744,
        0.8888888888888888,
        0.031746031746031744,
        0.15873015873015872,
        0.9523809523809523,
        0.8888888888888888,
        0.9523809523809523
      ],
      "minPos": {
        "x": -23,
        "y": -29,
        "z": 0
      },
      "maxPos": {
        "x": 23,
        "y": 29,
        "z": 0
      }
    },
    "texture": "6803335f-f0e5-4d5d-8c8d-f4688d08ae59@6c48a",
    "packable": true,
    "pixelsToUnit": 100,
    "pivot": {
      "x": 0.5,
      "y": 0.5
    },
    "meshType": 0
  }
}