{
  "__type__": "cc.SpriteFrame",
  "content": {
    "name": "mifeng-a 08",
    "atlas": "",
    "rect": {
      "x": 5,
      "y": 2,
      "width": 68,
      "height": 66
    },
    "offset": {
      "x": 1,
      "y": 0
    },
    "originalSize": {
      "width": 76,
      "height": 70
    },
    "rotated": false,
    "capInsets": [
      0,
      0,
      0,
      0
    ],
    "vertices": {
      "rawPosition": [
        -34,
        -33,
        0,
        34,
        -33,
        0,
        -34,
        33,
        0,
        34,
        33,
        0
      ],
      "indexes": [
        0,
        1,
        2,
        2,
        1,
        3
      ],
      "uv": [
        5,
        68,
        73,
        68,
        5,
        2,
        73,
        2
      ],
      "nuv": [
        0.06578947368421052,
        0.02857142857142857,
        0.9605263157894737,
        0.02857142857142857,
        0.06578947368421052,
        0.9714285714285714,
        0.9605263157894737,
        0.9714285714285714
      ],
      "minPos": {
        "x": -34,
        "y": -33,
        "z": 0
      },
      "maxPos": {
        "x": 34,
        "y": 33,
        "z": 0
      }
    },
    "texture": "07103195-476e-4338-890e-cb178347deb0@6c48a",
    "packable": true,
    "pixelsToUnit": 100,
    "pivot": {
      "x": 0.5,
      "y": 0.5
    },
    "meshType": 0
  }
}