{
  "__type__": "cc.SpriteFrame",
  "content": {
    "name": "jqr-green 06",
    "atlas": "",
    "rect": {
      "x": 12,
      "y": 0,
      "width": 150,
      "height": 201
    },
    "offset": {
      "x": -1.5,
      "y": 1
    },
    "originalSize": {
      "width": 177,
      "height": 203
    },
    "rotated": false,
    "capInsets": [
      0,
      0,
      0,
      0
    ],
    "vertices": {
      "rawPosition": [
        -75,
        -100.5,
        0,
        75,
        -100.5,
        0,
        -75,
        100.5,
        0,
        75,
        100.5,
        0
      ],
      "indexes": [
        0,
        1,
        2,
        2,
        1,
        3
      ],
      "uv": [
        12,
        203,
        162,
        203,
        12,
        2,
        162,
        2
      ],
      "nuv": [
        0.06779661016949153,
        0.009852216748768473,
        0.9152542372881356,
        0.009852216748768473,
        0.06779661016949153,
        1,
        0.9152542372881356,
        1
      ],
      "minPos": {
        "x": -75,
        "y": -100.5,
        "z": 0
      },
      "maxPos": {
        "x": 75,
        "y": 100.5,
        "z": 0
      }
    },
    "texture": "ebfe2bf4-e25a-4ff9-bfe7-977eb7339d68@6c48a",
    "packable": true,
    "pixelsToUnit": 100,
    "pivot": {
      "x": 0.5,
      "y": 0.5
    },
    "meshType": 0
  }
}