{
  "__type__": "cc.SpriteFrame",
  "content": {
    "name": "die4",
    "atlas": "",
    "rect": {
      "x": 7,
      "y": 8,
      "width": 36,
      "height": 33
    },
    "offset": {
      "x": 0,
      "y": 0
    },
    "originalSize": {
      "width": 50,
      "height": 49
    },
    "rotated": false,
    "capInsets": [
      0,
      0,
      0,
      0
    ],
    "vertices": {
      "rawPosition": [
        -18,
        -16.5,
        0,
        18,
        -16.5,
        0,
        -18,
        16.5,
        0,
        18,
        16.5,
        0
      ],
      "indexes": [
        0,
        1,
        2,
        2,
        1,
        3
      ],
      "uv": [
        7,
        41,
        43,
        41,
        7,
        8,
        43,
        8
      ],
      "nuv": [
        0.14,
        0.16326530612244897,
        0.86,
        0.16326530612244897,
        0.14,
        0.8367346938775511,
        0.86,
        0.8367346938775511
      ],
      "minPos": {
        "x": -18,
        "y": -16.5,
        "z": 0
      },
      "maxPos": {
        "x": 18,
        "y": 16.5,
        "z": 0
      }
    },
    "texture": "6379e853-5b96-4ea8-b91e-b946cee8c80f@6c48a",
    "packable": true,
    "pixelsToUnit": 100,
    "pivot": {
      "x": 0.5,
      "y": 0.5
    },
    "meshType": 0
  }
}