{
  "__type__": "cc.SpriteFrame",
  "content": {
    "name": "2",
    "atlas": "",
    "rect": {
      "x": 0,
      "y": 0,
      "width": 50,
      "height": 40
    },
    "offset": {
      "x": -2,
      "y": 0.5
    },
    "originalSize": {
      "width": 54,
      "height": 41
    },
    "rotated": false,
    "capInsets": [
      0,
      0,
      0,
      0
    ],
    "vertices": {
      "rawPosition": [
        -25,
        -20,
        0,
        25,
        -20,
        0,
        -25,
        20,
        0,
        25,
        20,
        0
      ],
      "indexes": [
        0,
        1,
        2,
        2,
        1,
        3
      ],
      "uv": [
        0,
        41,
        50,
        41,
        0,
        1,
        50,
        1
      ],
      "nuv": [
        0,
        0.024390243902439025,
        0.9259259259259259,
        0.024390243902439025,
        0,
        1,
        0.9259259259259259,
        1
      ],
      "minPos": {
        "x": -25,
        "y": -20,
        "z": 0
      },
      "maxPos": {
        "x": 25,
        "y": 20,
        "z": 0
      }
    },
    "texture": "63edbd97-0039-42be-be85-a5d448cf8a41@6c48a",
    "packable": true,
    "pixelsToUnit": 100,
    "pivot": {
      "x": 0.5,
      "y": 0.5
    },
    "meshType": 0
  }
}