{
  "__type__": "cc.SpriteFrame",
  "content": {
    "name": "mifeng-a 13",
    "atlas": "",
    "rect": {
      "x": 4,
      "y": 2,
      "width": 61,
      "height": 66
    },
    "offset": {
      "x": -3.5,
      "y": 0
    },
    "originalSize": {
      "width": 76,
      "height": 70
    },
    "rotated": false,
    "capInsets": [
      0,
      0,
      0,
      0
    ],
    "vertices": {
      "rawPosition": [
        -30.5,
        -33,
        0,
        30.5,
        -33,
        0,
        -30.5,
        33,
        0,
        30.5,
        33,
        0
      ],
      "indexes": [
        0,
        1,
        2,
        2,
        1,
        3
      ],
      "uv": [
        4,
        68,
        65,
        68,
        4,
        2,
        65,
        2
      ],
      "nuv": [
        0.05263157894736842,
        0.02857142857142857,
        0.8552631578947368,
        0.02857142857142857,
        0.05263157894736842,
        0.9714285714285714,
        0.8552631578947368,
        0.9714285714285714
      ],
      "minPos": {
        "x": -30.5,
        "y": -33,
        "z": 0
      },
      "maxPos": {
        "x": 30.5,
        "y": 33,
        "z": 0
      }
    },
    "texture": "0af87652-72db-4a5a-b4a5-2a106b393880@6c48a",
    "packable": true,
    "pixelsToUnit": 100,
    "pivot": {
      "x": 0.5,
      "y": 0.5
    },
    "meshType": 0
  }
}