{
  "__type__": "cc.SpriteFrame",
  "content": {
    "name": "xing-animation 05",
    "atlas": "",
    "rect": {
      "x": 335,
      "y": 21,
      "width": 227,
      "height": 70
    },
    "offset": {
      "x": 147,
      "y": 6.5
    },
    "originalSize": {
      "width": 603,
      "height": 125
    },
    "rotated": false,
    "capInsets": [
      0,
      0,
      0,
      0
    ],
    "vertices": {
      "rawPosition": [
        -113.5,
        -35,
        0,
        113.5,
        -35,
        0,
        -113.5,
        35,
        0,
        113.5,
        35,
        0
      ],
      "indexes": [
        0,
        1,
        2,
        2,
        1,
        3
      ],
      "uv": [
        335,
        104,
        562,
        104,
        335,
        34,
        562,
        34
      ],
      "nuv": [
        0.5555555555555556,
        0.272,
        0.9320066334991708,
        0.272,
        0.5555555555555556,
        0.832,
        0.9320066334991708,
        0.832
      ],
      "minPos": {
        "x": -113.5,
        "y": -35,
        "z": 0
      },
      "maxPos": {
        "x": 113.5,
        "y": 35,
        "z": 0
      }
    },
    "texture": "7adc22be-8396-4389-8b75-65dde2672975@6c48a",
    "packable": true,
    "pixelsToUnit": 100,
    "pivot": {
      "x": 0.5,
      "y": 0.5
    },
    "meshType": 0
  }
}