{
  "__type__": "cc.SpriteFrame",
  "content": {
    "name": "skeleton-4 09",
    "atlas": "",
    "rect": {
      "x": 18,
      "y": 17,
      "width": 346,
      "height": 346
    },
    "offset": {
      "x": 0.5,
      "y": 0.5
    },
    "originalSize": {
      "width": 381,
      "height": 381
    },
    "rotated": false,
    "capInsets": [
      0,
      0,
      0,
      0
    ],
    "vertices": {
      "rawPosition": [
        -173,
        -173,
        0,
        173,
        -173,
        0,
        -173,
        173,
        0,
        173,
        173,
        0
      ],
      "indexes": [
        0,
        1,
        2,
        2,
        1,
        3
      ],
      "uv": [
        18,
        364,
        364,
        364,
        18,
        18,
        364,
        18
      ],
      "nuv": [
        0.047244094488188976,
        0.047244094488188976,
        0.9553805774278216,
        0.047244094488188976,
        0.047244094488188976,
        0.9553805774278216,
        0.9553805774278216,
        0.9553805774278216
      ],
      "minPos": {
        "x": -173,
        "y": -173,
        "z": 0
      },
      "maxPos": {
        "x": 173,
        "y": 173,
        "z": 0
      }
    },
    "texture": "2d4e7dfc-077a-4fbc-bfcf-4bf7cc8ae025@6c48a",
    "packable": true,
    "pixelsToUnit": 100,
    "pivot": {
      "x": 0.5,
      "y": 0.5
    },
    "meshType": 0
  }
}