{
  "__type__": "cc.SpriteFrame",
  "content": {
    "name": "cloth",
    "atlas": "",
    "rect": {
      "x": 7,
      "y": 3,
      "width": 127,
      "height": 126
    },
    "offset": {
      "x": 2,
      "y": 0.5
    },
    "originalSize": {
      "width": 137,
      "height": 133
    },
    "rotated": false,
    "capInsets": [
      0,
      0,
      0,
      0
    ],
    "vertices": {
      "rawPosition": [
        -63.5,
        -63,
        0,
        63.5,
        -63,
        0,
        -63.5,
        63,
        0,
        63.5,
        63,
        0
      ],
      "indexes": [
        0,
        1,
        2,
        2,
        1,
        3
      ],
      "uv": [
        7,
        130,
        134,
        130,
        7,
        4,
        134,
        4
      ],
      "nuv": [
        0.051094890510948905,
        0.03007518796992481,
        0.9781021897810219,
        0.03007518796992481,
        0.051094890510948905,
        0.9774436090225563,
        0.9781021897810219,
        0.9774436090225563
      ],
      "minPos": {
        "x": -63.5,
        "y": -63,
        "z": 0
      },
      "maxPos": {
        "x": 63.5,
        "y": 63,
        "z": 0
      }
    },
    "texture": "0837d390-1c03-4e4f-9b16-3d5d7b19aee7@6c48a",
    "packable": true,
    "pixelsToUnit": 100,
    "pivot": {
      "x": 0.5,
      "y": 0.5
    },
    "meshType": 0
  }
}