{
  "__type__": "cc.SpriteFrame",
  "content": {
    "name": "ww2",
    "atlas": "",
    "rect": {
      "x": 1,
      "y": 1,
      "width": 171,
      "height": 131
    },
    "offset": {
      "x": 0.5,
      "y": -0.5
    },
    "originalSize": {
      "width": 172,
      "height": 132
    },
    "rotated": false,
    "capInsets": [
      0,
      0,
      0,
      0
    ],
    "vertices": {
      "rawPosition": [
        -85.5,
        -65.5,
        0,
        85.5,
        -65.5,
        0,
        -85.5,
        65.5,
        0,
        85.5,
        65.5,
        0
      ],
      "indexes": [
        0,
        1,
        2,
        2,
        1,
        3
      ],
      "uv": [
        1,
        131,
        172,
        131,
        1,
        0,
        172,
        0
      ],
      "nuv": [
        0.005813953488372093,
        0,
        1,
        0,
        0.005813953488372093,
        0.9924242424242424,
        1,
        0.9924242424242424
      ],
      "minPos": {
        "x": -85.5,
        "y": -65.5,
        "z": 0
      },
      "maxPos": {
        "x": 85.5,
        "y": 65.5,
        "z": 0
      }
    },
    "texture": "08a40cdb-761c-4710-a880-3fbb58411cbc@6c48a",
    "packable": true,
    "pixelsToUnit": 100,
    "pivot": {
      "x": 0.5,
      "y": 0.5
    },
    "meshType": 0
  }
}