{
  "__type__": "cc.SpriteFrame",
  "content": {
    "name": "zjm",
    "atlas": "",
    "rect": {
      "x": 2,
      "y": 2,
      "width": 1674,
      "height": 1359
    },
    "offset": {
      "x": 0,
      "y": 0
    },
    "originalSize": {
      "width": 1678,
      "height": 1363
    },
    "rotated": false,
    "capInsets": [
      0,
      0,
      0,
      0
    ],
    "vertices": {
      "rawPosition": [
        -837,
        -679.5,
        0,
        837,
        -679.5,
        0,
        -837,
        679.5,
        0,
        837,
        679.5,
        0
      ],
      "indexes": [
        0,
        1,
        2,
        2,
        1,
        3
      ],
      "uv": [
        2,
        1361,
        1676,
        1361,
        2,
        2,
        1676,
        2
      ],
      "nuv": [
        0.0011918951132300357,
        0.001467351430667645,
        0.99880810488677,
        0.001467351430667645,
        0.0011918951132300357,
        0.9985326485693323,
        0.99880810488677,
        0.9985326485693323
      ],
      "minPos": {
        "x": -837,
        "y": -679.5,
        "z": 0
      },
      "maxPos": {
        "x": 837,
        "y": 679.5,
        "z": 0
      }
    },
    "texture": "08b478fa-29b7-4e9f-b581-dbad324a3ce6@6c48a",
    "packable": true,
    "pixelsToUnit": 100,
    "pivot": {
      "x": 0.5,
      "y": 0.5
    },
    "meshType": 0
  }
}