{
  "__type__": "cc.SpriteFrame",
  "content": {
    "name": "skeleton-animation 06",
    "atlas": "",
    "rect": {
      "x": 10,
      "y": 0,
      "width": 176,
      "height": 92
    },
    "offset": {
      "x": 1.5,
      "y": 0
    },
    "originalSize": {
      "width": 193,
      "height": 92
    },
    "rotated": false,
    "capInsets": [
      0,
      0,
      0,
      0
    ],
    "vertices": {
      "rawPosition": [
        -88,
        -46,
        0,
        88,
        -46,
        0,
        -88,
        46,
        0,
        88,
        46,
        0
      ],
      "indexes": [
        0,
        1,
        2,
        2,
        1,
        3
      ],
      "uv": [
        10,
        92,
        186,
        92,
        10,
        0,
        186,
        0
      ],
      "nuv": [
        0.05181347150259067,
        0,
        0.9637305699481865,
        0,
        0.05181347150259067,
        1,
        0.9637305699481865,
        1
      ],
      "minPos": {
        "x": -88,
        "y": -46,
        "z": 0
      },
      "maxPos": {
        "x": 88,
        "y": 46,
        "z": 0
      }
    },
    "texture": "61cfb9e9-d94e-440a-9393-59373900a8d1@6c48a",
    "packable": true,
    "pixelsToUnit": 100,
    "pivot": {
      "x": 0.5,
      "y": 0.5
    },
    "meshType": 0
  }
}