{
  "__type__": "cc.SpriteFrame",
  "content": {
    "name": "die1",
    "atlas": "",
    "rect": {
      "x": 12,
      "y": 3,
      "width": 160,
      "height": 163
    },
    "offset": {
      "x": 3.5,
      "y": 17
    },
    "originalSize": {
      "width": 177,
      "height": 203
    },
    "rotated": false,
    "capInsets": [
      0,
      0,
      0,
      0
    ],
    "vertices": {
      "rawPosition": [
        -80,
        -81.5,
        0,
        80,
        -81.5,
        0,
        -80,
        81.5,
        0,
        80,
        81.5,
        0
      ],
      "indexes": [
        0,
        1,
        2,
        2,
        1,
        3
      ],
      "uv": [
        12,
        200,
        172,
        200,
        12,
        37,
        172,
        37
      ],
      "nuv": [
        0.06779661016949153,
        0.18226600985221675,
        0.9717514124293786,
        0.18226600985221675,
        0.06779661016949153,
        0.9852216748768473,
        0.9717514124293786,
        0.9852216748768473
      ],
      "minPos": {
        "x": -80,
        "y": -81.5,
        "z": 0
      },
      "maxPos": {
        "x": 80,
        "y": 81.5,
        "z": 0
      }
    },
    "texture": "791eb4e9-9da1-42e0-8047-44697cc93119@6c48a",
    "packable": true,
    "pixelsToUnit": 100,
    "pivot": {
      "x": 0.5,
      "y": 0.5
    },
    "meshType": 0
  }
}