{
  "__type__": "cc.SpriteFrame",
  "content": {
    "name": "ui_zt",
    "atlas": "",
    "rect": {
      "x": 0,
      "y": 2,
      "width": 75,
      "height": 74
    },
    "offset": {
      "x": -1,
      "y": -0.5
    },
    "originalSize": {
      "width": 77,
      "height": 77
    },
    "rotated": false,
    "capInsets": [
      0,
      0,
      0,
      0
    ],
    "vertices": {
      "rawPosition": [
        -37.5,
        -37,
        0,
        37.5,
        -37,
        0,
        -37.5,
        37,
        0,
        37.5,
        37,
        0
      ],
      "indexes": [
        0,
        1,
        2,
        2,
        1,
        3
      ],
      "uv": [
        0,
        75,
        75,
        75,
        0,
        1,
        75,
        1
      ],
      "nuv": [
        0,
        0.012987012987012988,
        0.974025974025974,
        0.012987012987012988,
        0,
        0.974025974025974,
        0.974025974025974,
        0.974025974025974
      ],
      "minPos": {
        "x": -37.5,
        "y": -37,
        "z": 0
      },
      "maxPos": {
        "x": 37.5,
        "y": 37,
        "z": 0
      }
    },
    "texture": "7968e7ed-a214-406b-bf02-a43d9a7bf5aa@6c48a",
    "packable": true,
    "pixelsToUnit": 100,
    "pivot": {
      "x": 0.5,
      "y": 0.5
    },
    "meshType": 0
  }
}