{
  "__type__": "cc.SpriteFrame",
  "content": {
    "name": "sd-lv-1 06",
    "atlas": "",
    "rect": {
      "x": 33,
      "y": 0,
      "width": 195,
      "height": 577
    },
    "offset": {
      "x": 8,
      "y": 26.5
    },
    "originalSize": {
      "width": 245,
      "height": 630
    },
    "rotated": false,
    "capInsets": [
      0,
      0,
      0,
      0
    ],
    "vertices": {
      "rawPosition": [
        -97.5,
        -288.5,
        0,
        97.5,
        -288.5,
        0,
        -97.5,
        288.5,
        0,
        97.5,
        288.5,
        0
      ],
      "indexes": [
        0,
        1,
        2,
        2,
        1,
        3
      ],
      "uv": [
        33,
        630,
        228,
        630,
        33,
        53,
        228,
        53
      ],
      "nuv": [
        0.1346938775510204,
        0.08412698412698413,
        0.9306122448979591,
        0.08412698412698413,
        0.1346938775510204,
        1,
        0.9306122448979591,
        1
      ],
      "minPos": {
        "x": -97.5,
        "y": -288.5,
        "z": 0
      },
      "maxPos": {
        "x": 97.5,
        "y": 288.5,
        "z": 0
      }
    },
    "texture": "79fba54a-240e-4c8f-a5d6-628087ffc52f@6c48a",
    "packable": true,
    "pixelsToUnit": 100,
    "pivot": {
      "x": 0.5,
      "y": 0.5
    },
    "meshType": 0
  }
}