{
  "__type__": "cc.SpriteFrame",
  "content": {
    "name": "zuan-animation 3",
    "atlas": "",
    "rect": {
      "x": 26,
      "y": 30,
      "width": 121,
      "height": 144
    },
    "offset": {
      "x": 4.5,
      "y": 6.5
    },
    "originalSize": {
      "width": 164,
      "height": 217
    },
    "rotated": false,
    "capInsets": [
      0,
      0,
      0,
      0
    ],
    "vertices": {
      "rawPosition": [
        -60.5,
        -72,
        0,
        60.5,
        -72,
        0,
        -60.5,
        72,
        0,
        60.5,
        72,
        0
      ],
      "indexes": [
        0,
        1,
        2,
        2,
        1,
        3
      ],
      "uv": [
        26,
        187,
        147,
        187,
        26,
        43,
        147,
        43
      ],
      "nuv": [
        0.15853658536585366,
        0.19815668202764977,
        0.8963414634146342,
        0.19815668202764977,
        0.15853658536585366,
        0.8617511520737328,
        0.8963414634146342,
        0.8617511520737328
      ],
      "minPos": {
        "x": -60.5,
        "y": -72,
        "z": 0
      },
      "maxPos": {
        "x": 60.5,
        "y": 72,
        "z": 0
      }
    },
    "texture": "0d76794b-0473-44c7-a8f7-9d4ae82411c5@6c48a",
    "packable": true,
    "pixelsToUnit": 100,
    "pivot": {
      "x": 0.5,
      "y": 0.5
    },
    "meshType": 0
  }
}