{
  "__type__": "cc.SpriteFrame",
  "content": {
    "name": "djg-1 05",
    "atlas": "",
    "rect": {
      "x": 32,
      "y": 33,
      "width": 28,
      "height": 28
    },
    "offset": {
      "x": -0.5,
      "y": -0.5
    },
    "originalSize": {
      "width": 93,
      "height": 93
    },
    "rotated": false,
    "capInsets": [
      0,
      0,
      0,
      0
    ],
    "vertices": {
      "rawPosition": [
        -14,
        -14,
        0,
        14,
        -14,
        0,
        -14,
        14,
        0,
        14,
        14,
        0
      ],
      "indexes": [
        0,
        1,
        2,
        2,
        1,
        3
      ],
      "uv": [
        32,
        60,
        60,
        60,
        32,
        32,
        60,
        32
      ],
      "nuv": [
        0.34408602150537637,
        0.34408602150537637,
        0.6451612903225806,
        0.34408602150537637,
        0.34408602150537637,
        0.6451612903225806,
        0.6451612903225806,
        0.6451612903225806
      ],
      "minPos": {
        "x": -14,
        "y": -14,
        "z": 0
      },
      "maxPos": {
        "x": 14,
        "y": 14,
        "z": 0
      }
    },
    "texture": "0da9492c-b204-4762-b75e-c9d2e3fcc16b@6c48a",
    "packable": true,
    "pixelsToUnit": 100,
    "pivot": {
      "x": 0.5,
      "y": 0.5
    },
    "meshType": 0
  }
}