{
  "__type__": "cc.SpriteFrame",
  "content": {
    "name": "ui_share",
    "atlas": "",
    "rect": {
      "x": 15,
      "y": 12,
      "width": 71,
      "height": 78
    },
    "offset": {
      "x": 4,
      "y": -4.5
    },
    "originalSize": {
      "width": 93,
      "height": 93
    },
    "rotated": false,
    "capInsets": [
      0,
      0,
      0,
      0
    ],
    "vertices": {
      "rawPosition": [
        -35.5,
        -39,
        0,
        35.5,
        -39,
        0,
        -35.5,
        39,
        0,
        35.5,
        39,
        0
      ],
      "indexes": [
        0,
        1,
        2,
        2,
        1,
        3
      ],
      "uv": [
        15,
        81,
        86,
        81,
        15,
        3,
        86,
        3
      ],
      "nuv": [
        0.16129032258064516,
        0.03225806451612903,
        0.9247311827956989,
        0.03225806451612903,
        0.16129032258064516,
        0.8709677419354839,
        0.9247311827956989,
        0.8709677419354839
      ],
      "minPos": {
        "x": -35.5,
        "y": -39,
        "z": 0
      },
      "maxPos": {
        "x": 35.5,
        "y": 39,
        "z": 0
      }
    },
    "texture": "fe2e23ba-f109-4dd1-9218-a77fcb51ed7f@6c48a",
    "packable": true,
    "pixelsToUnit": 100,
    "pivot": {
      "x": 0.5,
      "y": 0.5
    },
    "meshType": 0
  }
}