{
  "__type__": "cc.SpriteFrame",
  "content": {
    "name": "djg-1 10",
    "atlas": "",
    "rect": {
      "x": 19,
      "y": 19,
      "width": 55,
      "height": 55
    },
    "offset": {
      "x": 0,
      "y": 0
    },
    "originalSize": {
      "width": 93,
      "height": 93
    },
    "rotated": false,
    "capInsets": [
      0,
      0,
      0,
      0
    ],
    "vertices": {
      "rawPosition": [
        -27.5,
        -27.5,
        0,
        27.5,
        -27.5,
        0,
        -27.5,
        27.5,
        0,
        27.5,
        27.5,
        0
      ],
      "indexes": [
        0,
        1,
        2,
        2,
        1,
        3
      ],
      "uv": [
        19,
        74,
        74,
        74,
        19,
        19,
        74,
        19
      ],
      "nuv": [
        0.20430107526881722,
        0.20430107526881722,
        0.7956989247311828,
        0.20430107526881722,
        0.20430107526881722,
        0.7956989247311828,
        0.7956989247311828,
        0.7956989247311828
      ],
      "minPos": {
        "x": -27.5,
        "y": -27.5,
        "z": 0
      },
      "maxPos": {
        "x": 27.5,
        "y": 27.5,
        "z": 0
      }
    },
    "texture": "c25773db-f64b-4ce1-864c-b766427027b7@6c48a",
    "packable": true,
    "pixelsToUnit": 100,
    "pivot": {
      "x": 0.5,
      "y": 0.5
    },
    "meshType": 0
  }
}