{
  "__type__": "cc.SpriteFrame",
  "content": {
    "name": "zhizhu-b2 2",
    "atlas": "",
    "rect": {
      "x": 2,
      "y": 4,
      "width": 56,
      "height": 58
    },
    "offset": {
      "x": -1,
      "y": -1.5
    },
    "originalSize": {
      "width": 62,
      "height": 63
    },
    "rotated": false,
    "capInsets": [
      0,
      0,
      0,
      0
    ],
    "vertices": {
      "rawPosition": [
        -28,
        -29,
        0,
        28,
        -29,
        0,
        -28,
        29,
        0,
        28,
        29,
        0
      ],
      "indexes": [
        0,
        1,
        2,
        2,
        1,
        3
      ],
      "uv": [
        2,
        59,
        58,
        59,
        2,
        1,
        58,
        1
      ],
      "nuv": [
        0.03225806451612903,
        0.015873015873015872,
        0.9354838709677419,
        0.015873015873015872,
        0.03225806451612903,
        0.9365079365079365,
        0.9354838709677419,
        0.9365079365079365
      ],
      "minPos": {
        "x": -28,
        "y": -29,
        "z": 0
      },
      "maxPos": {
        "x": 28,
        "y": 29,
        "z": 0
      }
    },
    "texture": "22128448-b0b1-4a1f-90f3-bae35d90d494@6c48a",
    "packable": true,
    "pixelsToUnit": 100,
    "pivot": {
      "x": 0.5,
      "y": 0.5
    },
    "meshType": 0
  }
}