{
  "__type__": "cc.SpriteFrame",
  "content": {
    "name": "zhangyu-animation_00",
    "atlas": "",
    "rect": {
      "x": 0,
      "y": 0,
      "width": 43,
      "height": 49
    },
    "offset": {
      "x": -2.5,
      "y": 1
    },
    "originalSize": {
      "width": 48,
      "height": 51
    },
    "rotated": false,
    "capInsets": [
      0,
      0,
      0,
      0
    ],
    "vertices": {
      "rawPosition": [
        -21.5,
        -24.5,
        0,
        21.5,
        -24.5,
        0,
        -21.5,
        24.5,
        0,
        21.5,
        24.5,
        0
      ],
      "indexes": [
        0,
        1,
        2,
        2,
        1,
        3
      ],
      "uv": [
        0,
        51,
        43,
        51,
        0,
        2,
        43,
        2
      ],
      "nuv": [
        0,
        0.0392156862745098,
        0.8958333333333334,
        0.0392156862745098,
        0,
        1,
        0.8958333333333334,
        1
      ],
      "minPos": {
        "x": -21.5,
        "y": -24.5,
        "z": 0
      },
      "maxPos": {
        "x": 21.5,
        "y": 24.5,
        "z": 0
      }
    },
    "texture": "f087d69a-1f4c-4399-bac8-a23099e0ba20@6c48a",
    "packable": true,
    "pixelsToUnit": 100,
    "pivot": {
      "x": 0.5,
      "y": 0.5
    },
    "meshType": 0
  }
}