{
  "__type__": "cc.SpriteFrame",
  "content": {
    "name": "s8",
    "atlas": "",
    "rect": {
      "x": 24,
      "y": 24,
      "width": 58,
      "height": 60
    },
    "offset": {
      "x": 11.5,
      "y": -12
    },
    "originalSize": {
      "width": 83,
      "height": 84
    },
    "rotated": false,
    "capInsets": [
      0,
      0,
      0,
      0
    ],
    "vertices": {
      "rawPosition": [
        -29,
        -30,
        0,
        29,
        -30,
        0,
        -29,
        30,
        0,
        29,
        30,
        0
      ],
      "indexes": [
        0,
        1,
        2,
        2,
        1,
        3
      ],
      "uv": [
        24,
        60,
        82,
        60,
        24,
        0,
        82,
        0
      ],
      "nuv": [
        0.2891566265060241,
        0,
        0.9879518072289156,
        0,
        0.2891566265060241,
        0.7142857142857143,
        0.9879518072289156,
        0.7142857142857143
      ],
      "minPos": {
        "x": -29,
        "y": -30,
        "z": 0
      },
      "maxPos": {
        "x": 29,
        "y": 30,
        "z": 0
      }
    },
    "texture": "f0a0c392-48d7-4356-862a-644a95889ffc@6c48a",
    "packable": true,
    "pixelsToUnit": 100,
    "pivot": {
      "x": 0.5,
      "y": 0.5
    },
    "meshType": 0
  }
}