{
  "__type__": "cc.SpriteFrame",
  "content": {
    "name": "djg-1 13",
    "atlas": "",
    "rect": {
      "x": 11,
      "y": 10,
      "width": 72,
      "height": 72
    },
    "offset": {
      "x": 0.5,
      "y": 0.5
    },
    "originalSize": {
      "width": 93,
      "height": 93
    },
    "rotated": false,
    "capInsets": [
      0,
      0,
      0,
      0
    ],
    "vertices": {
      "rawPosition": [
        -36,
        -36,
        0,
        36,
        -36,
        0,
        -36,
        36,
        0,
        36,
        36,
        0
      ],
      "indexes": [
        0,
        1,
        2,
        2,
        1,
        3
      ],
      "uv": [
        11,
        83,
        83,
        83,
        11,
        11,
        83,
        11
      ],
      "nuv": [
        0.11827956989247312,
        0.11827956989247312,
        0.8924731182795699,
        0.11827956989247312,
        0.11827956989247312,
        0.8924731182795699,
        0.8924731182795699,
        0.8924731182795699
      ],
      "minPos": {
        "x": -36,
        "y": -36,
        "z": 0
      },
      "maxPos": {
        "x": 36,
        "y": 36,
        "z": 0
      }
    },
    "texture": "f0e34ee5-2a3b-4136-be15-059a23c077c3@6c48a",
    "packable": true,
    "pixelsToUnit": 100,
    "pivot": {
      "x": 0.5,
      "y": 0.5
    },
    "meshType": 0
  }
}