{
  "__type__": "cc.SpriteFrame",
  "content": {
    "name": "tiechui",
    "atlas": "",
    "rect": {
      "x": 0,
      "y": 0,
      "width": 297,
      "height": 256
    },
    "offset": {
      "x": -107.5,
      "y": 0
    },
    "originalSize": {
      "width": 512,
      "height": 256
    },
    "rotated": false,
    "capInsets": [
      0,
      0,
      0,
      0
    ],
    "vertices": {
      "rawPosition": [
        -148.5,
        -128,
        0,
        148.5,
        -128,
        0,
        -148.5,
        128,
        0,
        148.5,
        128,
        0
      ],
      "indexes": [
        0,
        1,
        2,
        2,
        1,
        3
      ],
      "uv": [
        0,
        256,
        297,
        256,
        0,
        0,
        297,
        0
      ],
      "nuv": [
        0,
        0,
        0.580078125,
        0,
        0,
        1,
        0.580078125,
        1
      ],
      "minPos": {
        "x": -148.5,
        "y": -128,
        "z": 0
      },
      "maxPos": {
        "x": 148.5,
        "y": 128,
        "z": 0
      }
    },
    "texture": "88323d8e-cf08-4391-9619-9956074bc2dd@6c48a",
    "packable": true,
    "pixelsToUnit": 100,
    "pivot": {
      "x": 0.5,
      "y": 0.5
    },
    "meshType": 0
  }
}