{
  "__type__": "cc.SpriteFrame",
  "content": {
    "name": "qqa0",
    "atlas": "",
    "rect": {
      "x": 0,
      "y": 3,
      "width": 133,
      "height": 138
    },
    "offset": {
      "x": 0,
      "y": -1
    },
    "originalSize": {
      "width": 133,
      "height": 142
    },
    "rotated": false,
    "capInsets": [
      0,
      0,
      0,
      0
    ],
    "vertices": {
      "rawPosition": [
        -66.5,
        -69,
        0,
        66.5,
        -69,
        0,
        -66.5,
        69,
        0,
        66.5,
        69,
        0
      ],
      "indexes": [
        0,
        1,
        2,
        2,
        1,
        3
      ],
      "uv": [
        0,
        139,
        133,
        139,
        0,
        1,
        133,
        1
      ],
      "nuv": [
        0,
        0.007042253521126761,
        1,
        0.007042253521126761,
        0,
        0.9788732394366197,
        1,
        0.9788732394366197
      ],
      "minPos": {
        "x": -66.5,
        "y": -69,
        "z": 0
      },
      "maxPos": {
        "x": 66.5,
        "y": 69,
        "z": 0
      }
    },
    "texture": "884800f5-f814-43ae-bdfe-cd15abbdb6d5@6c48a",
    "packable": true,
    "pixelsToUnit": 100,
    "pivot": {
      "x": 0.5,
      "y": 0.5
    },
    "meshType": 0
  }
}