{
  "__type__": "cc.SpriteFrame",
  "content": {
    "name": "3",
    "atlas": "",
    "rect": {
      "x": 2,
      "y": 0,
      "width": 52,
      "height": 38
    },
    "offset": {
      "x": 1,
      "y": 1.5
    },
    "originalSize": {
      "width": 54,
      "height": 41
    },
    "rotated": false,
    "capInsets": [
      0,
      0,
      0,
      0
    ],
    "vertices": {
      "rawPosition": [
        -26,
        -19,
        0,
        26,
        -19,
        0,
        -26,
        19,
        0,
        26,
        19,
        0
      ],
      "indexes": [
        0,
        1,
        2,
        2,
        1,
        3
      ],
      "uv": [
        2,
        41,
        54,
        41,
        2,
        3,
        54,
        3
      ],
      "nuv": [
        0.037037037037037035,
        0.07317073170731707,
        1,
        0.07317073170731707,
        0.037037037037037035,
        1,
        1,
        1
      ],
      "minPos": {
        "x": -26,
        "y": -19,
        "z": 0
      },
      "maxPos": {
        "x": 26,
        "y": 19,
        "z": 0
      }
    },
    "texture": "88daabcb-33ca-4700-9fc8-8bb79840ff60@6c48a",
    "packable": true,
    "pixelsToUnit": 100,
    "pivot": {
      "x": 0.5,
      "y": 0.5
    },
    "meshType": 0
  }
}