{
  "__type__": "cc.SpriteFrame",
  "content": {
    "name": "huo-5 02",
    "atlas": "",
    "rect": {
      "x": 8,
      "y": 7,
      "width": 118,
      "height": 129
    },
    "offset": {
      "x": 0,
      "y": 0
    },
    "originalSize": {
      "width": 134,
      "height": 143
    },
    "rotated": false,
    "capInsets": [
      0,
      0,
      0,
      0
    ],
    "vertices": {
      "rawPosition": [
        -59,
        -64.5,
        0,
        59,
        -64.5,
        0,
        -59,
        64.5,
        0,
        59,
        64.5,
        0
      ],
      "indexes": [
        0,
        1,
        2,
        2,
        1,
        3
      ],
      "uv": [
        8,
        136,
        126,
        136,
        8,
        7,
        126,
        7
      ],
      "nuv": [
        0.05970149253731343,
        0.04895104895104895,
        0.9402985074626866,
        0.04895104895104895,
        0.05970149253731343,
        0.951048951048951,
        0.9402985074626866,
        0.951048951048951
      ],
      "minPos": {
        "x": -59,
        "y": -64.5,
        "z": 0
      },
      "maxPos": {
        "x": 59,
        "y": 64.5,
        "z": 0
      }
    },
    "texture": "88dd9a43-3f60-45b4-9c5c-0a9018112839@6c48a",
    "packable": true,
    "pixelsToUnit": 100,
    "pivot": {
      "x": 0.5,
      "y": 0.5
    },
    "meshType": 0
  }
}