{
  "__type__": "cc.SpriteFrame",
  "content": {
    "name": "die3",
    "atlas": "",
    "rect": {
      "x": 28,
      "y": 3,
      "width": 149,
      "height": 148
    },
    "offset": {
      "x": 14,
      "y": 24.5
    },
    "originalSize": {
      "width": 177,
      "height": 203
    },
    "rotated": false,
    "capInsets": [
      0,
      0,
      0,
      0
    ],
    "vertices": {
      "rawPosition": [
        -74.5,
        -74,
        0,
        74.5,
        -74,
        0,
        -74.5,
        74,
        0,
        74.5,
        74,
        0
      ],
      "indexes": [
        0,
        1,
        2,
        2,
        1,
        3
      ],
      "uv": [
        28,
        200,
        177,
        200,
        28,
        52,
        177,
        52
      ],
      "nuv": [
        0.15819209039548024,
        0.2561576354679803,
        1,
        0.2561576354679803,
        0.15819209039548024,
        0.9852216748768473,
        1,
        0.9852216748768473
      ],
      "minPos": {
        "x": -74.5,
        "y": -74,
        "z": 0
      },
      "maxPos": {
        "x": 74.5,
        "y": 74,
        "z": 0
      }
    },
    "texture": "88eae069-2341-4af7-a8cb-dceb4b96be56@6c48a",
    "packable": true,
    "pixelsToUnit": 100,
    "pivot": {
      "x": 0.5,
      "y": 0.5
    },
    "meshType": 0
  }
}