{
  "__type__": "cc.SpriteFrame",
  "content": {
    "name": "skeleton-3 13",
    "atlas": "",
    "rect": {
      "x": 44,
      "y": 23,
      "width": 134,
      "height": 181
    },
    "offset": {
      "x": -9,
      "y": 0.5
    },
    "originalSize": {
      "width": 240,
      "height": 228
    },
    "rotated": false,
    "capInsets": [
      0,
      0,
      0,
      0
    ],
    "vertices": {
      "rawPosition": [
        -67,
        -90.5,
        0,
        67,
        -90.5,
        0,
        -67,
        90.5,
        0,
        67,
        90.5,
        0
      ],
      "indexes": [
        0,
        1,
        2,
        2,
        1,
        3
      ],
      "uv": [
        44,
        205,
        178,
        205,
        44,
        24,
        178,
        24
      ],
      "nuv": [
        0.18333333333333332,
        0.10526315789473684,
        0.7416666666666667,
        0.10526315789473684,
        0.18333333333333332,
        0.8991228070175439,
        0.7416666666666667,
        0.8991228070175439
      ],
      "minPos": {
        "x": -67,
        "y": -90.5,
        "z": 0
      },
      "maxPos": {
        "x": 67,
        "y": 90.5,
        "z": 0
      }
    },
    "texture": "16a7c4f6-34b5-4923-a2a3-4fb783da8027@6c48a",
    "packable": true,
    "pixelsToUnit": 100,
    "pivot": {
      "x": 0.5,
      "y": 0.5
    },
    "meshType": 0
  }
}