{
  "__type__": "cc.SpriteFrame",
  "content": {
    "name": "zhizhu-c 00",
    "atlas": "",
    "rect": {
      "x": 4,
      "y": 7,
      "width": 56,
      "height": 53
    },
    "offset": {
      "x": 1,
      "y": -2.5
    },
    "originalSize": {
      "width": 62,
      "height": 62
    },
    "rotated": false,
    "capInsets": [
      0,
      0,
      0,
      0
    ],
    "vertices": {
      "rawPosition": [
        -28,
        -26.5,
        0,
        28,
        -26.5,
        0,
        -28,
        26.5,
        0,
        28,
        26.5,
        0
      ],
      "indexes": [
        0,
        1,
        2,
        2,
        1,
        3
      ],
      "uv": [
        4,
        55,
        60,
        55,
        4,
        2,
        60,
        2
      ],
      "nuv": [
        0.06451612903225806,
        0.03225806451612903,
        0.967741935483871,
        0.03225806451612903,
        0.06451612903225806,
        0.8870967741935484,
        0.967741935483871,
        0.8870967741935484
      ],
      "minPos": {
        "x": -28,
        "y": -26.5,
        "z": 0
      },
      "maxPos": {
        "x": 28,
        "y": 26.5,
        "z": 0
      }
    },
    "texture": "60517788-06cd-4a96-b853-c440c56c4d69@6c48a",
    "packable": true,
    "pixelsToUnit": 100,
    "pivot": {
      "x": 0.5,
      "y": 0.5
    },
    "meshType": 0
  }
}