{
  "__type__": "cc.SpriteFrame",
  "content": {
    "name": "2",
    "atlas": "",
    "rect": {
      "x": 16,
      "y": 1,
      "width": 68,
      "height": 150
    },
    "offset": {
      "x": 8,
      "y": 0.5
    },
    "originalSize": {
      "width": 84,
      "height": 153
    },
    "rotated": false,
    "capInsets": [
      0,
      0,
      0,
      0
    ],
    "vertices": {
      "rawPosition": [
        -34,
        -75,
        0,
        34,
        -75,
        0,
        -34,
        75,
        0,
        34,
        75,
        0
      ],
      "indexes": [
        0,
        1,
        2,
        2,
        1,
        3
      ],
      "uv": [
        16,
        152,
        84,
        152,
        16,
        2,
        84,
        2
      ],
      "nuv": [
        0.19047619047619047,
        0.013071895424836602,
        1,
        0.013071895424836602,
        0.19047619047619047,
        0.9934640522875817,
        1,
        0.9934640522875817
      ],
      "minPos": {
        "x": -34,
        "y": -75,
        "z": 0
      },
      "maxPos": {
        "x": 34,
        "y": 75,
        "z": 0
      }
    },
    "texture": "6087f008-0f78-40f5-9d37-f7534c57bbf1@6c48a",
    "packable": true,
    "pixelsToUnit": 100,
    "pivot": {
      "x": 0.5,
      "y": 0.5
    },
    "meshType": 0
  }
}