{
  "__type__": "cc.SpriteFrame",
  "content": {
    "name": "3",
    "atlas": "",
    "rect": {
      "x": 13,
      "y": 3,
      "width": 246,
      "height": 255
    },
    "offset": {
      "x": 6.5,
      "y": 9
    },
    "originalSize": {
      "width": 259,
      "height": 279
    },
    "rotated": false,
    "capInsets": [
      0,
      0,
      0,
      0
    ],
    "vertices": {
      "rawPosition": [
        -123,
        -127.5,
        0,
        123,
        -127.5,
        0,
        -123,
        127.5,
        0,
        123,
        127.5,
        0
      ],
      "indexes": [
        0,
        1,
        2,
        2,
        1,
        3
      ],
      "uv": [
        13,
        276,
        259,
        276,
        13,
        21,
        259,
        21
      ],
      "nuv": [
        0.05019305019305019,
        0.07526881720430108,
        1,
        0.07526881720430108,
        0.05019305019305019,
        0.989247311827957,
        1,
        0.989247311827957
      ],
      "minPos": {
        "x": -123,
        "y": -127.5,
        "z": 0
      },
      "maxPos": {
        "x": 123,
        "y": 127.5,
        "z": 0
      }
    },
    "texture": "7f1c03c3-f5df-4a8f-8d49-7ec5ff51a911@6c48a",
    "packable": true,
    "pixelsToUnit": 100,
    "pivot": {
      "x": 0.5,
      "y": 0.5
    },
    "meshType": 0
  }
}