{
  "__type__": "cc.SpriteFrame",
  "content": {
    "name": "skeleton-3 12",
    "atlas": "",
    "rect": {
      "x": 9,
      "y": 17,
      "width": 201,
      "height": 194
    },
    "offset": {
      "x": -10.5,
      "y": 0
    },
    "originalSize": {
      "width": 240,
      "height": 228
    },
    "rotated": false,
    "capInsets": [
      0,
      0,
      0,
      0
    ],
    "vertices": {
      "rawPosition": [
        -100.5,
        -97,
        0,
        100.5,
        -97,
        0,
        -100.5,
        97,
        0,
        100.5,
        97,
        0
      ],
      "indexes": [
        0,
        1,
        2,
        2,
        1,
        3
      ],
      "uv": [
        9,
        211,
        210,
        211,
        9,
        17,
        210,
        17
      ],
      "nuv": [
        0.0375,
        0.07456140350877193,
        0.875,
        0.07456140350877193,
        0.0375,
        0.9254385964912281,
        0.875,
        0.9254385964912281
      ],
      "minPos": {
        "x": -100.5,
        "y": -97,
        "z": 0
      },
      "maxPos": {
        "x": 100.5,
        "y": 97,
        "z": 0
      }
    },
    "texture": "7f980073-198a-4d49-afe6-bd88b798a97e@6c48a",
    "packable": true,
    "pixelsToUnit": 100,
    "pivot": {
      "x": 0.5,
      "y": 0.5
    },
    "meshType": 0
  }
}