{
  "__type__": "cc.SpriteFrame",
  "content": {
    "name": "djg-1 15",
    "atlas": "",
    "rect": {
      "x": 5,
      "y": 5,
      "width": 83,
      "height": 83
    },
    "offset": {
      "x": 0,
      "y": 0
    },
    "originalSize": {
      "width": 93,
      "height": 93
    },
    "rotated": false,
    "capInsets": [
      0,
      0,
      0,
      0
    ],
    "vertices": {
      "rawPosition": [
        -41.5,
        -41.5,
        0,
        41.5,
        -41.5,
        0,
        -41.5,
        41.5,
        0,
        41.5,
        41.5,
        0
      ],
      "indexes": [
        0,
        1,
        2,
        2,
        1,
        3
      ],
      "uv": [
        5,
        88,
        88,
        88,
        5,
        5,
        88,
        5
      ],
      "nuv": [
        0.053763440860215055,
        0.053763440860215055,
        0.946236559139785,
        0.053763440860215055,
        0.053763440860215055,
        0.946236559139785,
        0.946236559139785,
        0.946236559139785
      ],
      "minPos": {
        "x": -41.5,
        "y": -41.5,
        "z": 0
      },
      "maxPos": {
        "x": 41.5,
        "y": 41.5,
        "z": 0
      }
    },
    "texture": "3a3f7046-1fc4-43e4-a3a3-9e58dc878956@6c48a",
    "packable": true,
    "pixelsToUnit": 100,
    "pivot": {
      "x": 0.5,
      "y": 0.5
    },
    "meshType": 0
  }
}