{
  "__type__": "cc.SpriteFrame",
  "content": {
    "name": "skeleton-4 02",
    "atlas": "",
    "rect": {
      "x": 148,
      "y": 147,
      "width": 88,
      "height": 90
    },
    "offset": {
      "x": 1.5,
      "y": -1.5
    },
    "originalSize": {
      "width": 381,
      "height": 381
    },
    "rotated": false,
    "capInsets": [
      0,
      0,
      0,
      0
    ],
    "vertices": {
      "rawPosition": [
        -44,
        -45,
        0,
        44,
        -45,
        0,
        -44,
        45,
        0,
        44,
        45,
        0
      ],
      "indexes": [
        0,
        1,
        2,
        2,
        1,
        3
      ],
      "uv": [
        148,
        234,
        236,
        234,
        148,
        144,
        236,
        144
      ],
      "nuv": [
        0.3884514435695538,
        0.3779527559055118,
        0.6194225721784777,
        0.3779527559055118,
        0.3884514435695538,
        0.6141732283464567,
        0.6194225721784777,
        0.6141732283464567
      ],
      "minPos": {
        "x": -44,
        "y": -45,
        "z": 0
      },
      "maxPos": {
        "x": 44,
        "y": 45,
        "z": 0
      }
    },
    "texture": "534bfe70-5f4f-4ca6-83b0-094d6e41231c@6c48a",
    "packable": true,
    "pixelsToUnit": 100,
    "pivot": {
      "x": 0.5,
      "y": 0.5
    },
    "meshType": 0
  }
}