{
  "__type__": "cc.SpriteFrame",
  "content": {
    "name": "mifeng-b 6",
    "atlas": "",
    "rect": {
      "x": 2,
      "y": 6,
      "width": 38,
      "height": 58
    },
    "offset": {
      "x": -17,
      "y": 0
    },
    "originalSize": {
      "width": 76,
      "height": 70
    },
    "rotated": false,
    "capInsets": [
      0,
      0,
      0,
      0
    ],
    "vertices": {
      "rawPosition": [
        -19,
        -29,
        0,
        19,
        -29,
        0,
        -19,
        29,
        0,
        19,
        29,
        0
      ],
      "indexes": [
        0,
        1,
        2,
        2,
        1,
        3
      ],
      "uv": [
        2,
        64,
        40,
        64,
        2,
        6,
        40,
        6
      ],
      "nuv": [
        0.02631578947368421,
        0.08571428571428572,
        0.5263157894736842,
        0.08571428571428572,
        0.02631578947368421,
        0.9142857142857143,
        0.5263157894736842,
        0.9142857142857143
      ],
      "minPos": {
        "x": -19,
        "y": -29,
        "z": 0
      },
      "maxPos": {
        "x": 19,
        "y": 29,
        "z": 0
      }
    },
    "texture": "539b5064-4ba1-46dc-af55-f7ba95e0f33c@6c48a",
    "packable": true,
    "pixelsToUnit": 100,
    "pivot": {
      "x": 0.5,
      "y": 0.5
    },
    "meshType": 0
  }
}