{
  "__type__": "cc.SpriteFrame",
  "content": {
    "name": "skeleton-animation 3",
    "atlas": "",
    "rect": {
      "x": 1,
      "y": 1,
      "width": 51,
      "height": 90
    },
    "offset": {
      "x": 0.5,
      "y": -0.5
    },
    "originalSize": {
      "width": 52,
      "height": 91
    },
    "rotated": false,
    "capInsets": [
      0,
      0,
      0,
      0
    ],
    "vertices": {
      "rawPosition": [
        -25.5,
        -45,
        0,
        25.5,
        -45,
        0,
        -25.5,
        45,
        0,
        25.5,
        45,
        0
      ],
      "indexes": [
        0,
        1,
        2,
        2,
        1,
        3
      ],
      "uv": [
        1,
        90,
        52,
        90,
        1,
        0,
        52,
        0
      ],
      "nuv": [
        0.019230769230769232,
        0,
        1,
        0,
        0.019230769230769232,
        0.989010989010989,
        1,
        0.989010989010989
      ],
      "minPos": {
        "x": -25.5,
        "y": -45,
        "z": 0
      },
      "maxPos": {
        "x": 25.5,
        "y": 45,
        "z": 0
      }
    },
    "texture": "a15517bb-91a6-4c32-8d9c-4ef8f2aef313@6c48a",
    "packable": true,
    "pixelsToUnit": 100,
    "pivot": {
      "x": 0.5,
      "y": 0.5
    },
    "meshType": 0
  }
}