{
  "__type__": "cc.SpriteFrame",
  "content": {
    "name": "die3",
    "atlas": "",
    "rect": {
      "x": 8,
      "y": 4,
      "width": 42,
      "height": 41
    },
    "offset": {
      "x": 4,
      "y": 0
    },
    "originalSize": {
      "width": 50,
      "height": 49
    },
    "rotated": false,
    "capInsets": [
      0,
      0,
      0,
      0
    ],
    "vertices": {
      "rawPosition": [
        -21,
        -20.5,
        0,
        21,
        -20.5,
        0,
        -21,
        20.5,
        0,
        21,
        20.5,
        0
      ],
      "indexes": [
        0,
        1,
        2,
        2,
        1,
        3
      ],
      "uv": [
        8,
        45,
        50,
        45,
        8,
        4,
        50,
        4
      ],
      "nuv": [
        0.16,
        0.08163265306122448,
        1,
        0.08163265306122448,
        0.16,
        0.9183673469387755,
        1,
        0.9183673469387755
      ],
      "minPos": {
        "x": -21,
        "y": -20.5,
        "z": 0
      },
      "maxPos": {
        "x": 21,
        "y": 20.5,
        "z": 0
      }
    },
    "texture": "1d8c5026-329f-44ed-994e-68fb4b3ab7de@6c48a",
    "packable": true,
    "pixelsToUnit": 100,
    "pivot": {
      "x": 0.5,
      "y": 0.5
    },
    "meshType": 0
  }
}