{
  "__type__": "cc.SpriteFrame",
  "content": {
    "name": "top",
    "atlas": "",
    "rect": {
      "x": 0,
      "y": 1,
      "width": 703,
      "height": 650
    },
    "offset": {
      "x": 0,
      "y": -0.5
    },
    "originalSize": {
      "width": 703,
      "height": 651
    },
    "rotated": false,
    "capInsets": [
      0,
      0,
      0,
      0
    ],
    "vertices": {
      "rawPosition": [
        -351.5,
        -325,
        0,
        351.5,
        -325,
        0,
        -351.5,
        325,
        0,
        351.5,
        325,
        0
      ],
      "indexes": [
        0,
        1,
        2,
        2,
        1,
        3
      ],
      "uv": [
        0,
        650,
        703,
        650,
        0,
        0,
        703,
        0
      ],
      "nuv": [
        0,
        0,
        1,
        0,
        0,
        0.9984639016897081,
        1,
        0.9984639016897081
      ],
      "minPos": {
        "x": -351.5,
        "y": -325,
        "z": 0
      },
      "maxPos": {
        "x": 351.5,
        "y": 325,
        "z": 0
      }
    },
    "texture": "69205090-645c-44ab-b9ed-f840528ed0be@6c48a",
    "packable": false,
    "pixelsToUnit": 100,
    "pivot": {
      "x": 0.5,
      "y": 0.5
    },
    "meshType": 0
  }
}