{
  "__type__": "cc.SpriteFrame",
  "content": {
    "name": "4",
    "atlas": "",
    "rect": {
      "x": 3,
      "y": 0,
      "width": 241,
      "height": 279
    },
    "offset": {
      "x": -6,
      "y": 0
    },
    "originalSize": {
      "width": 259,
      "height": 279
    },
    "rotated": false,
    "capInsets": [
      0,
      0,
      0,
      0
    ],
    "vertices": {
      "rawPosition": [
        -120.5,
        -139.5,
        0,
        120.5,
        -139.5,
        0,
        -120.5,
        139.5,
        0,
        120.5,
        139.5,
        0
      ],
      "indexes": [
        0,
        1,
        2,
        2,
        1,
        3
      ],
      "uv": [
        3,
        279,
        244,
        279,
        3,
        0,
        244,
        0
      ],
      "nuv": [
        0.011583011583011582,
        0,
        0.9420849420849421,
        0,
        0.011583011583011582,
        1,
        0.9420849420849421,
        1
      ],
      "minPos": {
        "x": -120.5,
        "y": -139.5,
        "z": 0
      },
      "maxPos": {
        "x": 120.5,
        "y": 139.5,
        "z": 0
      }
    },
    "texture": "106f0f46-e6fb-4f52-8560-ad4692267cde@6c48a",
    "packable": true,
    "pixelsToUnit": 100,
    "pivot": {
      "x": 0.5,
      "y": 0.5
    },
    "meshType": 0
  }
}