{
  "__type__": "cc.SpriteFrame",
  "content": {
    "name": "sd-lv-1 09",
    "atlas": "",
    "rect": {
      "x": 37,
      "y": 7,
      "width": 172,
      "height": 623
    },
    "offset": {
      "x": 0.5,
      "y": -3.5
    },
    "originalSize": {
      "width": 245,
      "height": 630
    },
    "rotated": false,
    "capInsets": [
      0,
      0,
      0,
      0
    ],
    "vertices": {
      "rawPosition": [
        -86,
        -311.5,
        0,
        86,
        -311.5,
        0,
        -86,
        311.5,
        0,
        86,
        311.5,
        0
      ],
      "indexes": [
        0,
        1,
        2,
        2,
        1,
        3
      ],
      "uv": [
        37,
        623,
        209,
        623,
        37,
        0,
        209,
        0
      ],
      "nuv": [
        0.1510204081632653,
        0,
        0.8530612244897959,
        0,
        0.1510204081632653,
        0.9888888888888889,
        0.8530612244897959,
        0.9888888888888889
      ],
      "minPos": {
        "x": -86,
        "y": -311.5,
        "z": 0
      },
      "maxPos": {
        "x": 86,
        "y": 311.5,
        "z": 0
      }
    },
    "texture": "9a485a31-520d-4b0f-9c20-01834f2e7b78@6c48a",
    "packable": true,
    "pixelsToUnit": 100,
    "pivot": {
      "x": 0.5,
      "y": 0.5
    },
    "meshType": 0
  }
}