{
  "__type__": "cc.SpriteFrame",
  "content": {
    "name": "7",
    "atlas": "",
    "rect": {
      "x": 9,
      "y": 1,
      "width": 75,
      "height": 151
    },
    "offset": {
      "x": 4.5,
      "y": 0
    },
    "originalSize": {
      "width": 84,
      "height": 153
    },
    "rotated": false,
    "capInsets": [
      0,
      0,
      0,
      0
    ],
    "vertices": {
      "rawPosition": [
        -37.5,
        -75.5,
        0,
        37.5,
        -75.5,
        0,
        -37.5,
        75.5,
        0,
        37.5,
        75.5,
        0
      ],
      "indexes": [
        0,
        1,
        2,
        2,
        1,
        3
      ],
      "uv": [
        9,
        152,
        84,
        152,
        9,
        1,
        84,
        1
      ],
      "nuv": [
        0.10714285714285714,
        0.006535947712418301,
        1,
        0.006535947712418301,
        0.10714285714285714,
        0.9934640522875817,
        1,
        0.9934640522875817
      ],
      "minPos": {
        "x": -37.5,
        "y": -75.5,
        "z": 0
      },
      "maxPos": {
        "x": 37.5,
        "y": 75.5,
        "z": 0
      }
    },
    "texture": "6c17bbc7-680e-4ad6-9ecd-acdd635bbb9f@6c48a",
    "packable": true,
    "pixelsToUnit": 100,
    "pivot": {
      "x": 0.5,
      "y": 0.5
    },
    "meshType": 0
  }
}