{
  "__type__": "cc.SpriteFrame",
  "content": {
    "name": "skeleton-3 02",
    "atlas": "",
    "rect": {
      "x": 44,
      "y": 24,
      "width": 150,
      "height": 180
    },
    "offset": {
      "x": -1,
      "y": 0
    },
    "originalSize": {
      "width": 240,
      "height": 228
    },
    "rotated": false,
    "capInsets": [
      0,
      0,
      0,
      0
    ],
    "vertices": {
      "rawPosition": [
        -75,
        -90,
        0,
        75,
        -90,
        0,
        -75,
        90,
        0,
        75,
        90,
        0
      ],
      "indexes": [
        0,
        1,
        2,
        2,
        1,
        3
      ],
      "uv": [
        44,
        204,
        194,
        204,
        44,
        24,
        194,
        24
      ],
      "nuv": [
        0.18333333333333332,
        0.10526315789473684,
        0.8083333333333333,
        0.10526315789473684,
        0.18333333333333332,
        0.8947368421052632,
        0.8083333333333333,
        0.8947368421052632
      ],
      "minPos": {
        "x": -75,
        "y": -90,
        "z": 0
      },
      "maxPos": {
        "x": 75,
        "y": 90,
        "z": 0
      }
    },
    "texture": "6c6c77d0-ee73-4ec9-9734-291990c28d92@6c48a",
    "packable": true,
    "pixelsToUnit": 100,
    "pivot": {
      "x": 0.5,
      "y": 0.5
    },
    "meshType": 0
  }
}