{
  "__type__": "cc.SpriteFrame",
  "content": {
    "name": "dunbing",
    "atlas": "",
    "rect": {
      "x": 2,
      "y": 2,
      "width": 201,
      "height": 264
    },
    "offset": {
      "x": 0,
      "y": 0
    },
    "originalSize": {
      "width": 205,
      "height": 268
    },
    "rotated": false,
    "capInsets": [
      0,
      0,
      0,
      0
    ],
    "vertices": {
      "rawPosition": [
        -100.5,
        -132,
        0,
        100.5,
        -132,
        0,
        -100.5,
        132,
        0,
        100.5,
        132,
        0
      ],
      "indexes": [
        0,
        1,
        2,
        2,
        1,
        3
      ],
      "uv": [
        2,
        266,
        203,
        266,
        2,
        2,
        203,
        2
      ],
      "nuv": [
        0.00975609756097561,
        0.007462686567164179,
        0.9902439024390244,
        0.007462686567164179,
        0.00975609756097561,
        0.9925373134328358,
        0.9902439024390244,
        0.9925373134328358
      ],
      "minPos": {
        "x": -100.5,
        "y": -132,
        "z": 0
      },
      "maxPos": {
        "x": 100.5,
        "y": 132,
        "z": 0
      }
    },
    "texture": "6cfd9f84-64f8-4407-aa0e-1489e08b0da3@6c48a",
    "packable": true,
    "pixelsToUnit": 100,
    "pivot": {
      "x": 0.5,
      "y": 0.5
    },
    "meshType": 0
  }
}