{
  "__type__": "cc.SpriteFrame",
  "content": {
    "name": "leida-Bwalk 08",
    "atlas": "",
    "rect": {
      "x": 18,
      "y": 0,
      "width": 40,
      "height": 67
    },
    "offset": {
      "x": 3,
      "y": 0.5
    },
    "originalSize": {
      "width": 70,
      "height": 68
    },
    "rotated": false,
    "capInsets": [
      0,
      0,
      0,
      0
    ],
    "vertices": {
      "rawPosition": [
        -20,
        -33.5,
        0,
        20,
        -33.5,
        0,
        -20,
        33.5,
        0,
        20,
        33.5,
        0
      ],
      "indexes": [
        0,
        1,
        2,
        2,
        1,
        3
      ],
      "uv": [
        18,
        68,
        58,
        68,
        18,
        1,
        58,
        1
      ],
      "nuv": [
        0.2571428571428571,
        0.014705882352941176,
        0.8285714285714286,
        0.014705882352941176,
        0.2571428571428571,
        1,
        0.8285714285714286,
        1
      ],
      "minPos": {
        "x": -20,
        "y": -33.5,
        "z": 0
      },
      "maxPos": {
        "x": 20,
        "y": 33.5,
        "z": 0
      }
    },
    "texture": "4fce7515-c6e3-47de-a00e-9b6108efe9ab@6c48a",
    "packable": true,
    "pixelsToUnit": 100,
    "pivot": {
      "x": 0.5,
      "y": 0.5
    },
    "meshType": 0
  }
}