{
  "__type__": "cc.SpriteFrame",
  "content": {
    "name": "djg-1 08",
    "atlas": "",
    "rect": {
      "x": 24,
      "y": 25,
      "width": 44,
      "height": 44
    },
    "offset": {
      "x": -0.5,
      "y": -0.5
    },
    "originalSize": {
      "width": 93,
      "height": 93
    },
    "rotated": false,
    "capInsets": [
      0,
      0,
      0,
      0
    ],
    "vertices": {
      "rawPosition": [
        -22,
        -22,
        0,
        22,
        -22,
        0,
        -22,
        22,
        0,
        22,
        22,
        0
      ],
      "indexes": [
        0,
        1,
        2,
        2,
        1,
        3
      ],
      "uv": [
        24,
        68,
        68,
        68,
        24,
        24,
        68,
        24
      ],
      "nuv": [
        0.25806451612903225,
        0.25806451612903225,
        0.7311827956989247,
        0.25806451612903225,
        0.25806451612903225,
        0.7311827956989247,
        0.7311827956989247,
        0.7311827956989247
      ],
      "minPos": {
        "x": -22,
        "y": -22,
        "z": 0
      },
      "maxPos": {
        "x": 22,
        "y": 22,
        "z": 0
      }
    },
    "texture": "784999c4-68b2-4d9a-8d98-6d4d92d6b12d@6c48a",
    "packable": true,
    "pixelsToUnit": 100,
    "pivot": {
      "x": 0.5,
      "y": 0.5
    },
    "meshType": 0
  }
}