{
  "__type__": "cc.SpriteFrame",
  "content": {
    "name": "die1",
    "atlas": "",
    "rect": {
      "x": 0,
      "y": 0,
      "width": 44,
      "height": 49
    },
    "offset": {
      "x": -2,
      "y": 1
    },
    "originalSize": {
      "width": 48,
      "height": 51
    },
    "rotated": false,
    "capInsets": [
      0,
      0,
      0,
      0
    ],
    "vertices": {
      "rawPosition": [
        -22,
        -24.5,
        0,
        22,
        -24.5,
        0,
        -22,
        24.5,
        0,
        22,
        24.5,
        0
      ],
      "indexes": [
        0,
        1,
        2,
        2,
        1,
        3
      ],
      "uv": [
        0,
        51,
        44,
        51,
        0,
        2,
        44,
        2
      ],
      "nuv": [
        0,
        0.0392156862745098,
        0.9166666666666666,
        0.0392156862745098,
        0,
        1,
        0.9166666666666666,
        1
      ],
      "minPos": {
        "x": -22,
        "y": -24.5,
        "z": 0
      },
      "maxPos": {
        "x": 22,
        "y": 24.5,
        "z": 0
      }
    },
    "texture": "78dad7d7-e925-46d3-ab18-36e70576ad26@6c48a",
    "packable": true,
    "pixelsToUnit": 100,
    "pivot": {
      "x": 0.5,
      "y": 0.5
    },
    "meshType": 0
  }
}