{
  "__type__": "cc.SpriteFrame",
  "content": {
    "name": "leida-Rwalk 05",
    "atlas": "",
    "rect": {
      "x": 18,
      "y": 1,
      "width": 40,
      "height": 66
    },
    "offset": {
      "x": 3,
      "y": 0
    },
    "originalSize": {
      "width": 70,
      "height": 68
    },
    "rotated": false,
    "capInsets": [
      0,
      0,
      0,
      0
    ],
    "vertices": {
      "rawPosition": [
        -20,
        -33,
        0,
        20,
        -33,
        0,
        -20,
        33,
        0,
        20,
        33,
        0
      ],
      "indexes": [
        0,
        1,
        2,
        2,
        1,
        3
      ],
      "uv": [
        18,
        67,
        58,
        67,
        18,
        1,
        58,
        1
      ],
      "nuv": [
        0.2571428571428571,
        0.014705882352941176,
        0.8285714285714286,
        0.014705882352941176,
        0.2571428571428571,
        0.9852941176470589,
        0.8285714285714286,
        0.9852941176470589
      ],
      "minPos": {
        "x": -20,
        "y": -33,
        "z": 0
      },
      "maxPos": {
        "x": 20,
        "y": 33,
        "z": 0
      }
    },
    "texture": "ba759a12-8142-4b31-8cae-e0bda53bf816@6c48a",
    "packable": true,
    "pixelsToUnit": 100,
    "pivot": {
      "x": 0.5,
      "y": 0.5
    },
    "meshType": 0
  }
}