{
  "__type__": "cc.SpriteFrame",
  "content": {
    "name": "skeleton-animation2 3",
    "atlas": "",
    "rect": {
      "x": 9,
      "y": 9,
      "width": 90,
      "height": 101
    },
    "offset": {
      "x": 0,
      "y": 0.5
    },
    "originalSize": {
      "width": 108,
      "height": 120
    },
    "rotated": false,
    "capInsets": [
      0,
      0,
      0,
      0
    ],
    "vertices": {
      "rawPosition": [
        -45,
        -50.5,
        0,
        45,
        -50.5,
        0,
        -45,
        50.5,
        0,
        45,
        50.5,
        0
      ],
      "indexes": [
        0,
        1,
        2,
        2,
        1,
        3
      ],
      "uv": [
        9,
        111,
        99,
        111,
        9,
        10,
        99,
        10
      ],
      "nuv": [
        0.08333333333333333,
        0.08333333333333333,
        0.9166666666666666,
        0.08333333333333333,
        0.08333333333333333,
        0.925,
        0.9166666666666666,
        0.925
      ],
      "minPos": {
        "x": -45,
        "y": -50.5,
        "z": 0
      },
      "maxPos": {
        "x": 45,
        "y": 50.5,
        "z": 0
      }
    },
    "texture": "021788d0-e89b-4df8-8144-6676ac2dcc63@6c48a",
    "packable": true,
    "pixelsToUnit": 100,
    "pivot": {
      "x": 0.5,
      "y": 0.5
    },
    "meshType": 0
  }
}