{
  "__type__": "cc.SpriteFrame",
  "content": {
    "name": "spf",
    "atlas": "",
    "rect": {
      "x": 2,
      "y": 2,
      "width": 1019,
      "height": 508
    },
    "offset": {
      "x": -0.5,
      "y": 0
    },
    "originalSize": {
      "width": 1024,
      "height": 512
    },
    "rotated": false,
    "capInsets": [
      0,
      0,
      0,
      0
    ],
    "vertices": {
      "rawPosition": [
        -509.5,
        -254,
        0,
        509.5,
        -254,
        0,
        -509.5,
        254,
        0,
        509.5,
        254,
        0
      ],
      "indexes": [
        0,
        1,
        2,
        2,
        1,
        3
      ],
      "uv": [
        2,
        510,
        1021,
        510,
        2,
        2,
        1021,
        2
      ],
      "nuv": [
        0.001953125,
        0.00390625,
        0.9970703125,
        0.00390625,
        0.001953125,
        0.99609375,
        0.9970703125,
        0.99609375
      ],
      "minPos": {
        "x": -509.5,
        "y": -254,
        "z": 0
      },
      "maxPos": {
        "x": 509.5,
        "y": 254,
        "z": 0
      }
    },
    "texture": "02c13776-b2dd-4778-a202-0cb15384b497@6c48a",
    "packable": true,
    "pixelsToUnit": 100,
    "pivot": {
      "x": 0.5,
      "y": 0.5
    },
    "meshType": 0
  }
}