{
  "__type__": "cc.SpriteFrame",
  "content": {
    "name": "skeleton-4 05",
    "atlas": "",
    "rect": {
      "x": 75,
      "y": 65,
      "width": 250,
      "height": 263
    },
    "offset": {
      "x": 9.5,
      "y": -6
    },
    "originalSize": {
      "width": 381,
      "height": 381
    },
    "rotated": false,
    "capInsets": [
      0,
      0,
      0,
      0
    ],
    "vertices": {
      "rawPosition": [
        -125,
        -131.5,
        0,
        125,
        -131.5,
        0,
        -125,
        131.5,
        0,
        125,
        131.5,
        0
      ],
      "indexes": [
        0,
        1,
        2,
        2,
        1,
        3
      ],
      "uv": [
        75,
        316,
        325,
        316,
        75,
        53,
        325,
        53
      ],
      "nuv": [
        0.1968503937007874,
        0.13910761154855644,
        0.8530183727034121,
        0.13910761154855644,
        0.1968503937007874,
        0.8293963254593176,
        0.8530183727034121,
        0.8293963254593176
      ],
      "minPos": {
        "x": -125,
        "y": -131.5,
        "z": 0
      },
      "maxPos": {
        "x": 125,
        "y": 131.5,
        "z": 0
      }
    },
    "texture": "02e0346f-235f-49f1-a4e6-21d441a81798@6c48a",
    "packable": true,
    "pixelsToUnit": 100,
    "pivot": {
      "x": 0.5,
      "y": 0.5
    },
    "meshType": 0
  }
}