{
  "__type__": "cc.SpriteFrame",
  "content": {
    "name": "die4",
    "atlas": "",
    "rect": {
      "x": 15,
      "y": 3,
      "width": 27,
      "height": 33
    },
    "offset": {
      "x": 7,
      "y": 4.5
    },
    "originalSize": {
      "width": 43,
      "height": 48
    },
    "rotated": false,
    "capInsets": [
      0,
      0,
      0,
      0
    ],
    "vertices": {
      "rawPosition": [
        -13.5,
        -16.5,
        0,
        13.5,
        -16.5,
        0,
        -13.5,
        16.5,
        0,
        13.5,
        16.5,
        0
      ],
      "indexes": [
        0,
        1,
        2,
        2,
        1,
        3
      ],
      "uv": [
        15,
        45,
        42,
        45,
        15,
        12,
        42,
        12
      ],
      "nuv": [
        0.3488372093023256,
        0.25,
        0.9767441860465116,
        0.25,
        0.3488372093023256,
        0.9375,
        0.9767441860465116,
        0.9375
      ],
      "minPos": {
        "x": -13.5,
        "y": -16.5,
        "z": 0
      },
      "maxPos": {
        "x": 13.5,
        "y": 16.5,
        "z": 0
      }
    },
    "texture": "51f0a490-d4a4-497f-88b2-0d50ddafd2c9@6c48a",
    "packable": true,
    "pixelsToUnit": 100,
    "pivot": {
      "x": 0.5,
      "y": 0.5
    },
    "meshType": 0
  }
}