{
  "__type__": "cc.SpriteFrame",
  "content": {
    "name": "sd-huang-1 08",
    "atlas": "",
    "rect": {
      "x": 0,
      "y": 7,
      "width": 245,
      "height": 605
    },
    "offset": {
      "x": 0,
      "y": 5.5
    },
    "originalSize": {
      "width": 245,
      "height": 630
    },
    "rotated": false,
    "capInsets": [
      0,
      0,
      0,
      0
    ],
    "vertices": {
      "rawPosition": [
        -122.5,
        -302.5,
        0,
        122.5,
        -302.5,
        0,
        -122.5,
        302.5,
        0,
        122.5,
        302.5,
        0
      ],
      "indexes": [
        0,
        1,
        2,
        2,
        1,
        3
      ],
      "uv": [
        0,
        623,
        245,
        623,
        0,
        18,
        245,
        18
      ],
      "nuv": [
        0,
        0.02857142857142857,
        1,
        0.02857142857142857,
        0,
        0.9888888888888889,
        1,
        0.9888888888888889
      ],
      "minPos": {
        "x": -122.5,
        "y": -302.5,
        "z": 0
      },
      "maxPos": {
        "x": 122.5,
        "y": 302.5,
        "z": 0
      }
    },
    "texture": "911c513e-9144-429b-b270-b54f1e81f2e2@6c48a",
    "packable": true,
    "pixelsToUnit": 100,
    "pivot": {
      "x": 0.5,
      "y": 0.5
    },
    "meshType": 0
  }
}