{
  "__type__": "cc.SpriteFrame",
  "content": {
    "name": "xing-animation 06",
    "atlas": "",
    "rect": {
      "x": 232,
      "y": 24,
      "width": 325,
      "height": 75
    },
    "offset": {
      "x": 93,
      "y": 1
    },
    "originalSize": {
      "width": 603,
      "height": 125
    },
    "rotated": false,
    "capInsets": [
      0,
      0,
      0,
      0
    ],
    "vertices": {
      "rawPosition": [
        -162.5,
        -37.5,
        0,
        162.5,
        -37.5,
        0,
        -162.5,
        37.5,
        0,
        162.5,
        37.5,
        0
      ],
      "indexes": [
        0,
        1,
        2,
        2,
        1,
        3
      ],
      "uv": [
        232,
        101,
        557,
        101,
        232,
        26,
        557,
        26
      ],
      "nuv": [
        0.38474295190713104,
        0.208,
        0.9237147595356551,
        0.208,
        0.38474295190713104,
        0.808,
        0.9237147595356551,
        0.808
      ],
      "minPos": {
        "x": -162.5,
        "y": -37.5,
        "z": 0
      },
      "maxPos": {
        "x": 162.5,
        "y": 37.5,
        "z": 0
      }
    },
    "texture": "89dd0fec-f2ad-4aeb-9da0-b2af4733b30a@6c48a",
    "packable": true,
    "pixelsToUnit": 100,
    "pivot": {
      "x": 0.5,
      "y": 0.5
    },
    "meshType": 0
  }
}