{
  "__type__": "cc.SpriteFrame",
  "content": {
    "name": "zhizhu-b 10",
    "atlas": "",
    "rect": {
      "x": 4,
      "y": 7,
      "width": 54,
      "height": 53
    },
    "offset": {
      "x": 0,
      "y": -2.5
    },
    "originalSize": {
      "width": 62,
      "height": 62
    },
    "rotated": false,
    "capInsets": [
      0,
      0,
      0,
      0
    ],
    "vertices": {
      "rawPosition": [
        -27,
        -26.5,
        0,
        27,
        -26.5,
        0,
        -27,
        26.5,
        0,
        27,
        26.5,
        0
      ],
      "indexes": [
        0,
        1,
        2,
        2,
        1,
        3
      ],
      "uv": [
        4,
        55,
        58,
        55,
        4,
        2,
        58,
        2
      ],
      "nuv": [
        0.06451612903225806,
        0.03225806451612903,
        0.9354838709677419,
        0.03225806451612903,
        0.06451612903225806,
        0.8870967741935484,
        0.9354838709677419,
        0.8870967741935484
      ],
      "minPos": {
        "x": -27,
        "y": -26.5,
        "z": 0
      },
      "maxPos": {
        "x": 27,
        "y": 26.5,
        "z": 0
      }
    },
    "texture": "f88b09af-09f3-49f0-bce7-b2c11293beec@6c48a",
    "packable": true,
    "pixelsToUnit": 100,
    "pivot": {
      "x": 0.5,
      "y": 0.5
    },
    "meshType": 0
  }
}