{
  "__type__": "cc.SpriteFrame",
  "content": {
    "name": "sd-huang-1 09",
    "atlas": "",
    "rect": {
      "x": 0,
      "y": 7,
      "width": 238,
      "height": 623
    },
    "offset": {
      "x": -3.5,
      "y": -3.5
    },
    "originalSize": {
      "width": 245,
      "height": 630
    },
    "rotated": false,
    "capInsets": [
      0,
      0,
      0,
      0
    ],
    "vertices": {
      "rawPosition": [
        -119,
        -311.5,
        0,
        119,
        -311.5,
        0,
        -119,
        311.5,
        0,
        119,
        311.5,
        0
      ],
      "indexes": [
        0,
        1,
        2,
        2,
        1,
        3
      ],
      "uv": [
        0,
        623,
        238,
        623,
        0,
        0,
        238,
        0
      ],
      "nuv": [
        0,
        0,
        0.9714285714285714,
        0,
        0,
        0.9888888888888889,
        0.9714285714285714,
        0.9888888888888889
      ],
      "minPos": {
        "x": -119,
        "y": -311.5,
        "z": 0
      },
      "maxPos": {
        "x": 119,
        "y": 311.5,
        "z": 0
      }
    },
    "texture": "6734d10c-b1fe-4ee6-862c-fb807be95049@6c48a",
    "packable": true,
    "pixelsToUnit": 100,
    "pivot": {
      "x": 0.5,
      "y": 0.5
    },
    "meshType": 0
  }
}