{
  "__type__": "cc.SpriteFrame",
  "content": {
    "name": "ui_bdjn",
    "atlas": "",
    "rect": {
      "x": 0,
      "y": 0,
      "width": 346,
      "height": 101
    },
    "offset": {
      "x": -6,
      "y": 2
    },
    "originalSize": {
      "width": 358,
      "height": 105
    },
    "rotated": false,
    "capInsets": [
      0,
      0,
      0,
      0
    ],
    "vertices": {
      "rawPosition": [
        -173,
        -50.5,
        0,
        173,
        -50.5,
        0,
        -173,
        50.5,
        0,
        173,
        50.5,
        0
      ],
      "indexes": [
        0,
        1,
        2,
        2,
        1,
        3
      ],
      "uv": [
        0,
        105,
        346,
        105,
        0,
        4,
        346,
        4
      ],
      "nuv": [
        0,
        0.0380952380952381,
        0.9664804469273743,
        0.0380952380952381,
        0,
        1,
        0.9664804469273743,
        1
      ],
      "minPos": {
        "x": -173,
        "y": -50.5,
        "z": 0
      },
      "maxPos": {
        "x": 173,
        "y": 50.5,
        "z": 0
      }
    },
    "texture": "676404c1-ded1-4cd4-aab0-6a5b5c1c6aa4@6c48a",
    "packable": true,
    "pixelsToUnit": 100,
    "pivot": {
      "x": 0.5,
      "y": 0.5
    },
    "meshType": 0
  }
}