{
  "__type__": "cc.SpriteFrame",
  "content": {
    "name": "role",
    "atlas": "",
    "rect": {
      "x": 2,
      "y": 5,
      "width": 989,
      "height": 717
    },
    "offset": {
      "x": 0,
      "y": -1.5
    },
    "originalSize": {
      "width": 993,
      "height": 724
    },
    "rotated": false,
    "capInsets": [
      0,
      0,
      0,
      0
    ],
    "vertices": {
      "rawPosition": [
        -494.5,
        -358.5,
        0,
        494.5,
        -358.5,
        0,
        -494.5,
        358.5,
        0,
        494.5,
        358.5,
        0
      ],
      "indexes": [
        0,
        1,
        2,
        2,
        1,
        3
      ],
      "uv": [
        2,
        719,
        991,
        719,
        2,
        2,
        991,
        2
      ],
      "nuv": [
        0.002014098690835851,
        0.0027624309392265192,
        0.9979859013091642,
        0.0027624309392265192,
        0.002014098690835851,
        0.9930939226519337,
        0.9979859013091642,
        0.9930939226519337
      ],
      "minPos": {
        "x": -494.5,
        "y": -358.5,
        "z": 0
      },
      "maxPos": {
        "x": 494.5,
        "y": 358.5,
        "z": 0
      }
    },
    "texture": "67ad3e43-1469-4ca1-8b83-9aeeeb647edd@6c48a",
    "packable": true,
    "pixelsToUnit": 100,
    "pivot": {
      "x": 0.5,
      "y": 0.5
    },
    "meshType": 0
  }
}