{
  "__type__": "cc.SpriteFrame",
  "content": {
    "name": "boom",
    "atlas": "",
    "rect": {
      "x": 2,
      "y": 2,
      "width": 984,
      "height": 586
    },
    "offset": {
      "x": 0,
      "y": 0
    },
    "originalSize": {
      "width": 988,
      "height": 590
    },
    "rotated": false,
    "capInsets": [
      0,
      0,
      0,
      0
    ],
    "vertices": {
      "rawPosition": [
        -492,
        -293,
        0,
        492,
        -293,
        0,
        -492,
        293,
        0,
        492,
        293,
        0
      ],
      "indexes": [
        0,
        1,
        2,
        2,
        1,
        3
      ],
      "uv": [
        2,
        588,
        986,
        588,
        2,
        2,
        986,
        2
      ],
      "nuv": [
        0.0020242914979757085,
        0.003389830508474576,
        0.9979757085020243,
        0.003389830508474576,
        0.0020242914979757085,
        0.9966101694915255,
        0.9979757085020243,
        0.9966101694915255
      ],
      "minPos": {
        "x": -492,
        "y": -293,
        "z": 0
      },
      "maxPos": {
        "x": 492,
        "y": 293,
        "z": 0
      }
    },
    "texture": "fa9239fd-ec86-48e2-976d-ab3b79b70937@6c48a",
    "packable": true,
    "pixelsToUnit": 100,
    "pivot": {
      "x": 0.5,
      "y": 0.5
    },
    "meshType": 0
  }
}