{
  "__type__": "cc.SpriteFrame",
  "content": {
    "name": "jqr-green 12",
    "atlas": "",
    "rect": {
      "x": 12,
      "y": 10,
      "width": 150,
      "height": 193
    },
    "offset": {
      "x": -1.5,
      "y": -5
    },
    "originalSize": {
      "width": 177,
      "height": 203
    },
    "rotated": false,
    "capInsets": [
      0,
      0,
      0,
      0
    ],
    "vertices": {
      "rawPosition": [
        -75,
        -96.5,
        0,
        75,
        -96.5,
        0,
        -75,
        96.5,
        0,
        75,
        96.5,
        0
      ],
      "indexes": [
        0,
        1,
        2,
        2,
        1,
        3
      ],
      "uv": [
        12,
        193,
        162,
        193,
        12,
        0,
        162,
        0
      ],
      "nuv": [
        0.06779661016949153,
        0,
        0.9152542372881356,
        0,
        0.06779661016949153,
        0.9507389162561576,
        0.9152542372881356,
        0.9507389162561576
      ],
      "minPos": {
        "x": -75,
        "y": -96.5,
        "z": 0
      },
      "maxPos": {
        "x": 75,
        "y": 96.5,
        "z": 0
      }
    },
    "texture": "bcd2c4f0-d7e8-4108-8fac-84b6307daf18@6c48a",
    "packable": true,
    "pixelsToUnit": 100,
    "pivot": {
      "x": 0.5,
      "y": 0.5
    },
    "meshType": 0
  }
}