{
  "__type__": "cc.SpriteFrame",
  "content": {
    "name": "ui_text_cancel",
    "atlas": "",
    "rect": {
      "x": 0,
      "y": 0,
      "width": 106,
      "height": 50
    },
    "offset": {
      "x": -0.5,
      "y": 0.5
    },
    "originalSize": {
      "width": 107,
      "height": 51
    },
    "rotated": false,
    "capInsets": [
      0,
      0,
      0,
      0
    ],
    "vertices": {
      "rawPosition": [
        -53,
        -25,
        0,
        53,
        -25,
        0,
        -53,
        25,
        0,
        53,
        25,
        0
      ],
      "indexes": [
        0,
        1,
        2,
        2,
        1,
        3
      ],
      "uv": [
        0,
        51,
        106,
        51,
        0,
        1,
        106,
        1
      ],
      "nuv": [
        0,
        0.0196078431372549,
        0.9906542056074766,
        0.0196078431372549,
        0,
        1,
        0.9906542056074766,
        1
      ],
      "minPos": {
        "x": -53,
        "y": -25,
        "z": 0
      },
      "maxPos": {
        "x": 53,
        "y": 25,
        "z": 0
      }
    },
    "texture": "313ea3de-d71f-4e11-885e-f82d2bc51331@6c48a",
    "packable": true,
    "pixelsToUnit": 100,
    "pivot": {
      "x": 0.5,
      "y": 0.5
    },
    "meshType": 0
  }
}