{
  "__type__": "cc.SpriteFrame",
  "content": {
    "name": "die4",
    "atlas": "",
    "rect": {
      "x": 9,
      "y": 1,
      "width": 36,
      "height": 41
    },
    "offset": {
      "x": 3,
      "y": 4
    },
    "originalSize": {
      "width": 48,
      "height": 51
    },
    "rotated": false,
    "capInsets": [
      0,
      0,
      0,
      0
    ],
    "vertices": {
      "rawPosition": [
        -18,
        -20.5,
        0,
        18,
        -20.5,
        0,
        -18,
        20.5,
        0,
        18,
        20.5,
        0
      ],
      "indexes": [
        0,
        1,
        2,
        2,
        1,
        3
      ],
      "uv": [
        9,
        50,
        45,
        50,
        9,
        9,
        45,
        9
      ],
      "nuv": [
        0.1875,
        0.17647058823529413,
        0.9375,
        0.17647058823529413,
        0.1875,
        0.9803921568627451,
        0.9375,
        0.9803921568627451
      ],
      "minPos": {
        "x": -18,
        "y": -20.5,
        "z": 0
      },
      "maxPos": {
        "x": 18,
        "y": 20.5,
        "z": 0
      }
    },
    "texture": "3192521c-1a8b-44ba-ba49-3fa07156f259@6c48a",
    "packable": true,
    "pixelsToUnit": 100,
    "pivot": {
      "x": 0.5,
      "y": 0.5
    },
    "meshType": 0
  }
}