{
  "__type__": "cc.SpriteFrame",
  "content": {
    "name": "djg-1 20",
    "atlas": "",
    "rect": {
      "x": 13,
      "y": 13,
      "width": 67,
      "height": 67
    },
    "offset": {
      "x": 0,
      "y": 0
    },
    "originalSize": {
      "width": 93,
      "height": 93
    },
    "rotated": false,
    "capInsets": [
      0,
      0,
      0,
      0
    ],
    "vertices": {
      "rawPosition": [
        -33.5,
        -33.5,
        0,
        33.5,
        -33.5,
        0,
        -33.5,
        33.5,
        0,
        33.5,
        33.5,
        0
      ],
      "indexes": [
        0,
        1,
        2,
        2,
        1,
        3
      ],
      "uv": [
        13,
        80,
        80,
        80,
        13,
        13,
        80,
        13
      ],
      "nuv": [
        0.13978494623655913,
        0.13978494623655913,
        0.8602150537634409,
        0.13978494623655913,
        0.13978494623655913,
        0.8602150537634409,
        0.8602150537634409,
        0.8602150537634409
      ],
      "minPos": {
        "x": -33.5,
        "y": -33.5,
        "z": 0
      },
      "maxPos": {
        "x": 33.5,
        "y": 33.5,
        "z": 0
      }
    },
    "texture": "31dfe023-3e31-467f-a983-78dd2e847671@6c48a",
    "packable": true,
    "pixelsToUnit": 100,
    "pivot": {
      "x": 0.5,
      "y": 0.5
    },
    "meshType": 0
  }
}