{
  "__type__": "cc.SpriteFrame",
  "content": {
    "name": "ddd4",
    "atlas": "",
    "rect": {
      "x": 1,
      "y": 0,
      "width": 128,
      "height": 127
    },
    "offset": {
      "x": 0.5,
      "y": 1
    },
    "originalSize": {
      "width": 129,
      "height": 129
    },
    "rotated": false,
    "capInsets": [
      0,
      0,
      0,
      0
    ],
    "vertices": {
      "rawPosition": [
        -64,
        -63.5,
        0,
        64,
        -63.5,
        0,
        -64,
        63.5,
        0,
        64,
        63.5,
        0
      ],
      "indexes": [
        0,
        1,
        2,
        2,
        1,
        3
      ],
      "uv": [
        1,
        129,
        129,
        129,
        1,
        2,
        129,
        2
      ],
      "nuv": [
        0.007751937984496124,
        0.015503875968992248,
        1,
        0.015503875968992248,
        0.007751937984496124,
        1,
        1,
        1
      ],
      "minPos": {
        "x": -64,
        "y": -63.5,
        "z": 0
      },
      "maxPos": {
        "x": 64,
        "y": 63.5,
        "z": 0
      }
    },
    "texture": "9257d010-d987-4730-886f-85be094f1ad5@6c48a",
    "packable": true,
    "pixelsToUnit": 100,
    "pivot": {
      "x": 0.5,
      "y": 0.5
    },
    "meshType": 0
  }
}