{
  "__type__": "cc.SpriteFrame",
  "content": {
    "name": "jqr-red 06",
    "atlas": "",
    "rect": {
      "x": 12,
      "y": 0,
      "width": 150,
      "height": 198
    },
    "offset": {
      "x": -1.5,
      "y": 2.5
    },
    "originalSize": {
      "width": 177,
      "height": 203
    },
    "rotated": false,
    "capInsets": [
      0,
      0,
      0,
      0
    ],
    "vertices": {
      "rawPosition": [
        -75,
        -99,
        0,
        75,
        -99,
        0,
        -75,
        99,
        0,
        75,
        99,
        0
      ],
      "indexes": [
        0,
        1,
        2,
        2,
        1,
        3
      ],
      "uv": [
        12,
        203,
        162,
        203,
        12,
        5,
        162,
        5
      ],
      "nuv": [
        0.06779661016949153,
        0.024630541871921183,
        0.9152542372881356,
        0.024630541871921183,
        0.06779661016949153,
        1,
        0.9152542372881356,
        1
      ],
      "minPos": {
        "x": -75,
        "y": -99,
        "z": 0
      },
      "maxPos": {
        "x": 75,
        "y": 99,
        "z": 0
      }
    },
    "texture": "13723c6a-0cdf-4a36-b89e-2793367d8b38@6c48a",
    "packable": true,
    "pixelsToUnit": 100,
    "pivot": {
      "x": 0.5,
      "y": 0.5
    },
    "meshType": 0
  }
}