{
  "__type__": "cc.SpriteFrame",
  "content": {
    "name": "1",
    "atlas": "",
    "rect": {
      "x": 0,
      "y": 6,
      "width": 440,
      "height": 189
    },
    "offset": {
      "x": 0,
      "y": 3
    },
    "originalSize": {
      "width": 440,
      "height": 207
    },
    "rotated": false,
    "capInsets": [
      0,
      0,
      0,
      0
    ],
    "vertices": {
      "rawPosition": [
        -220,
        -94.5,
        0,
        220,
        -94.5,
        0,
        -220,
        94.5,
        0,
        220,
        94.5,
        0
      ],
      "indexes": [
        0,
        1,
        2,
        2,
        1,
        3
      ],
      "uv": [
        0,
        201,
        440,
        201,
        0,
        12,
        440,
        12
      ],
      "nuv": [
        0,
        0.057971014492753624,
        1,
        0.057971014492753624,
        0,
        0.9710144927536232,
        1,
        0.9710144927536232
      ],
      "minPos": {
        "x": -220,
        "y": -94.5,
        "z": 0
      },
      "maxPos": {
        "x": 220,
        "y": 94.5,
        "z": 0
      }
    },
    "texture": "f3042adf-e4e5-47e2-9af1-b9ed601c1601@6c48a",
    "packable": true,
    "pixelsToUnit": 100,
    "pivot": {
      "x": 0.5,
      "y": 0.5
    },
    "meshType": 0
  }
}