{
  "__type__": "cc.SpriteFrame",
  "content": {
    "name": "sd-huang-1 10",
    "atlas": "",
    "rect": {
      "x": 0,
      "y": 7,
      "width": 225,
      "height": 623
    },
    "offset": {
      "x": -10,
      "y": -3.5
    },
    "originalSize": {
      "width": 245,
      "height": 630
    },
    "rotated": false,
    "capInsets": [
      0,
      0,
      0,
      0
    ],
    "vertices": {
      "rawPosition": [
        -112.5,
        -311.5,
        0,
        112.5,
        -311.5,
        0,
        -112.5,
        311.5,
        0,
        112.5,
        311.5,
        0
      ],
      "indexes": [
        0,
        1,
        2,
        2,
        1,
        3
      ],
      "uv": [
        0,
        623,
        225,
        623,
        0,
        0,
        225,
        0
      ],
      "nuv": [
        0,
        0,
        0.9183673469387755,
        0,
        0,
        0.9888888888888889,
        0.9183673469387755,
        0.9888888888888889
      ],
      "minPos": {
        "x": -112.5,
        "y": -311.5,
        "z": 0
      },
      "maxPos": {
        "x": 112.5,
        "y": 311.5,
        "z": 0
      }
    },
    "texture": "f34aebff-87b6-4387-90a2-d27acf6c8384@6c48a",
    "packable": true,
    "pixelsToUnit": 100,
    "pivot": {
      "x": 0.5,
      "y": 0.5
    },
    "meshType": 0
  }
}