{
  "__type__": "cc.SpriteFrame",
  "content": {
    "name": "huo-5 06",
    "atlas": "",
    "rect": {
      "x": 6,
      "y": 1,
      "width": 122,
      "height": 137
    },
    "offset": {
      "x": 0,
      "y": 2
    },
    "originalSize": {
      "width": 134,
      "height": 143
    },
    "rotated": false,
    "capInsets": [
      0,
      0,
      0,
      0
    ],
    "vertices": {
      "rawPosition": [
        -61,
        -68.5,
        0,
        61,
        -68.5,
        0,
        -61,
        68.5,
        0,
        61,
        68.5,
        0
      ],
      "indexes": [
        0,
        1,
        2,
        2,
        1,
        3
      ],
      "uv": [
        6,
        142,
        128,
        142,
        6,
        5,
        128,
        5
      ],
      "nuv": [
        0.04477611940298507,
        0.03496503496503497,
        0.9552238805970149,
        0.03496503496503497,
        0.04477611940298507,
        0.993006993006993,
        0.9552238805970149,
        0.993006993006993
      ],
      "minPos": {
        "x": -61,
        "y": -68.5,
        "z": 0
      },
      "maxPos": {
        "x": 61,
        "y": 68.5,
        "z": 0
      }
    },
    "texture": "1fee0f8f-10d6-4aba-a2c0-642b1ecb00f6@6c48a",
    "packable": true,
    "pixelsToUnit": 100,
    "pivot": {
      "x": 0.5,
      "y": 0.5
    },
    "meshType": 0
  }
}