{
  "__type__": "cc.SpriteFrame",
  "content": {
    "name": "skeleton-animation2 4",
    "atlas": "",
    "rect": {
      "x": 6,
      "y": 13,
      "width": 91,
      "height": 98
    },
    "offset": {
      "x": -2.5,
      "y": -2
    },
    "originalSize": {
      "width": 108,
      "height": 120
    },
    "rotated": false,
    "capInsets": [
      0,
      0,
      0,
      0
    ],
    "vertices": {
      "rawPosition": [
        -45.5,
        -49,
        0,
        45.5,
        -49,
        0,
        -45.5,
        49,
        0,
        45.5,
        49,
        0
      ],
      "indexes": [
        0,
        1,
        2,
        2,
        1,
        3
      ],
      "uv": [
        6,
        107,
        97,
        107,
        6,
        9,
        97,
        9
      ],
      "nuv": [
        0.05555555555555555,
        0.075,
        0.8981481481481481,
        0.075,
        0.05555555555555555,
        0.8916666666666667,
        0.8981481481481481,
        0.8916666666666667
      ],
      "minPos": {
        "x": -45.5,
        "y": -49,
        "z": 0
      },
      "maxPos": {
        "x": 45.5,
        "y": 49,
        "z": 0
      }
    },
    "texture": "8603a7ea-b73d-452b-8745-6e1b274b625a@6c48a",
    "packable": true,
    "pixelsToUnit": 100,
    "pivot": {
      "x": 0.5,
      "y": 0.5
    },
    "meshType": 0
  }
}