{
  "__type__": "cc.SpriteFrame",
  "content": {
    "name": "zhizhu-b2 4",
    "atlas": "",
    "rect": {
      "x": 1,
      "y": 6,
      "width": 55,
      "height": 50
    },
    "offset": {
      "x": -2.5,
      "y": 0.5
    },
    "originalSize": {
      "width": 62,
      "height": 63
    },
    "rotated": false,
    "capInsets": [
      0,
      0,
      0,
      0
    ],
    "vertices": {
      "rawPosition": [
        -27.5,
        -25,
        0,
        27.5,
        -25,
        0,
        -27.5,
        25,
        0,
        27.5,
        25,
        0
      ],
      "indexes": [
        0,
        1,
        2,
        2,
        1,
        3
      ],
      "uv": [
        1,
        57,
        56,
        57,
        1,
        7,
        56,
        7
      ],
      "nuv": [
        0.016129032258064516,
        0.1111111111111111,
        0.9032258064516129,
        0.1111111111111111,
        0.016129032258064516,
        0.9047619047619048,
        0.9032258064516129,
        0.9047619047619048
      ],
      "minPos": {
        "x": -27.5,
        "y": -25,
        "z": 0
      },
      "maxPos": {
        "x": 27.5,
        "y": 25,
        "z": 0
      }
    },
    "texture": "06bac36e-099e-4cf7-b723-1b0fd5880d9c@6c48a",
    "packable": true,
    "pixelsToUnit": 100,
    "pivot": {
      "x": 0.5,
      "y": 0.5
    },
    "meshType": 0
  }
}