{
  "__type__": "cc.SpriteFrame",
  "content": {
    "name": "zhizhu-b 02",
    "atlas": "",
    "rect": {
      "x": 4,
      "y": 7,
      "width": 53,
      "height": 53
    },
    "offset": {
      "x": -0.5,
      "y": -2.5
    },
    "originalSize": {
      "width": 62,
      "height": 62
    },
    "rotated": false,
    "capInsets": [
      0,
      0,
      0,
      0
    ],
    "vertices": {
      "rawPosition": [
        -26.5,
        -26.5,
        0,
        26.5,
        -26.5,
        0,
        -26.5,
        26.5,
        0,
        26.5,
        26.5,
        0
      ],
      "indexes": [
        0,
        1,
        2,
        2,
        1,
        3
      ],
      "uv": [
        4,
        55,
        57,
        55,
        4,
        2,
        57,
        2
      ],
      "nuv": [
        0.06451612903225806,
        0.03225806451612903,
        0.9193548387096774,
        0.03225806451612903,
        0.06451612903225806,
        0.8870967741935484,
        0.9193548387096774,
        0.8870967741935484
      ],
      "minPos": {
        "x": -26.5,
        "y": -26.5,
        "z": 0
      },
      "maxPos": {
        "x": 26.5,
        "y": 26.5,
        "z": 0
      }
    },
    "texture": "06c08988-3e01-4541-8b5e-8274ecf98db2@6c48a",
    "packable": true,
    "pixelsToUnit": 100,
    "pivot": {
      "x": 0.5,
      "y": 0.5
    },
    "meshType": 0
  }
}