{
  "__type__": "cc.SpriteFrame",
  "content": {
    "name": "5",
    "atlas": "",
    "rect": {
      "x": 0,
      "y": 6,
      "width": 84,
      "height": 141
    },
    "offset": {
      "x": 0,
      "y": 0
    },
    "originalSize": {
      "width": 84,
      "height": 153
    },
    "rotated": false,
    "capInsets": [
      0,
      0,
      0,
      0
    ],
    "vertices": {
      "rawPosition": [
        -42,
        -70.5,
        0,
        42,
        -70.5,
        0,
        -42,
        70.5,
        0,
        42,
        70.5,
        0
      ],
      "indexes": [
        0,
        1,
        2,
        2,
        1,
        3
      ],
      "uv": [
        0,
        147,
        84,
        147,
        0,
        6,
        84,
        6
      ],
      "nuv": [
        0,
        0.0392156862745098,
        1,
        0.0392156862745098,
        0,
        0.9607843137254902,
        1,
        0.9607843137254902
      ],
      "minPos": {
        "x": -42,
        "y": -70.5,
        "z": 0
      },
      "maxPos": {
        "x": 42,
        "y": 70.5,
        "z": 0
      }
    },
    "texture": "12ab1c50-523e-45b7-b649-52c2378a1785@6c48a",
    "packable": true,
    "pixelsToUnit": 100,
    "pivot": {
      "x": 0.5,
      "y": 0.5
    },
    "meshType": 0
  }
}