{
  "__type__": "cc.SpriteFrame",
  "content": {
    "name": "4",
    "atlas": "",
    "rect": {
      "x": 5,
      "y": 0,
      "width": 416,
      "height": 207
    },
    "offset": {
      "x": -7,
      "y": 0
    },
    "originalSize": {
      "width": 440,
      "height": 207
    },
    "rotated": false,
    "capInsets": [
      0,
      0,
      0,
      0
    ],
    "vertices": {
      "rawPosition": [
        -208,
        -103.5,
        0,
        208,
        -103.5,
        0,
        -208,
        103.5,
        0,
        208,
        103.5,
        0
      ],
      "indexes": [
        0,
        1,
        2,
        2,
        1,
        3
      ],
      "uv": [
        5,
        207,
        421,
        207,
        5,
        0,
        421,
        0
      ],
      "nuv": [
        0.011363636363636364,
        0,
        0.9568181818181818,
        0,
        0.011363636363636364,
        1,
        0.9568181818181818,
        1
      ],
      "minPos": {
        "x": -208,
        "y": -103.5,
        "z": 0
      },
      "maxPos": {
        "x": 208,
        "y": 103.5,
        "z": 0
      }
    },
    "texture": "8af96f80-c2bc-4eb3-b0db-e3c9c76423ad@6c48a",
    "packable": true,
    "pixelsToUnit": 100,
    "pivot": {
      "x": 0.5,
      "y": 0.5
    },
    "meshType": 0
  }
}