{
  "__type__": "cc.SpriteFrame",
  "content": {
    "name": "s2",
    "atlas": "",
    "rect": {
      "x": 14,
      "y": 23,
      "width": 275,
      "height": 303
    },
    "offset": {
      "x": 7,
      "y": -8.5
    },
    "originalSize": {
      "width": 289,
      "height": 332
    },
    "rotated": false,
    "capInsets": [
      0,
      0,
      0,
      0
    ],
    "vertices": {
      "rawPosition": [
        -137.5,
        -151.5,
        0,
        137.5,
        -151.5,
        0,
        -137.5,
        151.5,
        0,
        137.5,
        151.5,
        0
      ],
      "indexes": [
        0,
        1,
        2,
        2,
        1,
        3
      ],
      "uv": [
        14,
        309,
        289,
        309,
        14,
        6,
        289,
        6
      ],
      "nuv": [
        0.04844290657439446,
        0.018072289156626505,
        1,
        0.018072289156626505,
        0.04844290657439446,
        0.9307228915662651,
        1,
        0.9307228915662651
      ],
      "minPos": {
        "x": -137.5,
        "y": -151.5,
        "z": 0
      },
      "maxPos": {
        "x": 137.5,
        "y": 151.5,
        "z": 0
      }
    },
    "texture": "b4239036-3409-46eb-b63a-574b96b137f8@6c48a",
    "packable": true,
    "pixelsToUnit": 100,
    "pivot": {
      "x": 0.5,
      "y": 0.5
    },
    "meshType": 0
  }
}