{
  "__type__": "cc.SpriteFrame",
  "content": {
    "name": "zhizhu-b 08",
    "atlas": "",
    "rect": {
      "x": 3,
      "y": 6,
      "width": 52,
      "height": 54
    },
    "offset": {
      "x": -2,
      "y": -2
    },
    "originalSize": {
      "width": 62,
      "height": 62
    },
    "rotated": false,
    "capInsets": [
      0,
      0,
      0,
      0
    ],
    "vertices": {
      "rawPosition": [
        -26,
        -27,
        0,
        26,
        -27,
        0,
        -26,
        27,
        0,
        26,
        27,
        0
      ],
      "indexes": [
        0,
        1,
        2,
        2,
        1,
        3
      ],
      "uv": [
        3,
        56,
        55,
        56,
        3,
        2,
        55,
        2
      ],
      "nuv": [
        0.04838709677419355,
        0.03225806451612903,
        0.8870967741935484,
        0.03225806451612903,
        0.04838709677419355,
        0.9032258064516129,
        0.8870967741935484,
        0.9032258064516129
      ],
      "minPos": {
        "x": -26,
        "y": -27,
        "z": 0
      },
      "maxPos": {
        "x": 26,
        "y": 27,
        "z": 0
      }
    },
    "texture": "b4486eb4-69ad-4f7b-bbd7-a6e9aaed9dac@6c48a",
    "packable": true,
    "pixelsToUnit": 100,
    "pivot": {
      "x": 0.5,
      "y": 0.5
    },
    "meshType": 0
  }
}