{
  "__type__": "cc.SpriteFrame",
  "content": {
    "name": "dog-b_04",
    "atlas": "",
    "rect": {
      "x": 4,
      "y": 6,
      "width": 47,
      "height": 50
    },
    "offset": {
      "x": 0.5,
      "y": -3
    },
    "originalSize": {
      "width": 54,
      "height": 56
    },
    "rotated": false,
    "capInsets": [
      0,
      0,
      0,
      0
    ],
    "vertices": {
      "rawPosition": [
        -23.5,
        -25,
        0,
        23.5,
        -25,
        0,
        -23.5,
        25,
        0,
        23.5,
        25,
        0
      ],
      "indexes": [
        0,
        1,
        2,
        2,
        1,
        3
      ],
      "uv": [
        4,
        50,
        51,
        50,
        4,
        0,
        51,
        0
      ],
      "nuv": [
        0.07407407407407407,
        0,
        0.9444444444444444,
        0,
        0.07407407407407407,
        0.8928571428571429,
        0.9444444444444444,
        0.8928571428571429
      ],
      "minPos": {
        "x": -23.5,
        "y": -25,
        "z": 0
      },
      "maxPos": {
        "x": 23.5,
        "y": 25,
        "z": 0
      }
    },
    "texture": "b494ab85-8d4d-410f-83d3-971f6bc4c0f0@6c48a",
    "packable": true,
    "pixelsToUnit": 100,
    "pivot": {
      "x": 0.5,
      "y": 0.5
    },
    "meshType": 0
  }
}