{
  "__type__": "cc.SpriteFrame",
  "content": {
    "name": "ddd5",
    "atlas": "",
    "rect": {
      "x": 2,
      "y": 0,
      "width": 127,
      "height": 127
    },
    "offset": {
      "x": 1,
      "y": 1
    },
    "originalSize": {
      "width": 129,
      "height": 129
    },
    "rotated": false,
    "capInsets": [
      0,
      0,
      0,
      0
    ],
    "vertices": {
      "rawPosition": [
        -63.5,
        -63.5,
        0,
        63.5,
        -63.5,
        0,
        -63.5,
        63.5,
        0,
        63.5,
        63.5,
        0
      ],
      "indexes": [
        0,
        1,
        2,
        2,
        1,
        3
      ],
      "uv": [
        2,
        129,
        129,
        129,
        2,
        2,
        129,
        2
      ],
      "nuv": [
        0.015503875968992248,
        0.015503875968992248,
        1,
        0.015503875968992248,
        0.015503875968992248,
        1,
        1,
        1
      ],
      "minPos": {
        "x": -63.5,
        "y": -63.5,
        "z": 0
      },
      "maxPos": {
        "x": 63.5,
        "y": 63.5,
        "z": 0
      }
    },
    "texture": "909cb2d9-a585-4d01-97b0-ebe9601a4799@6c48a",
    "packable": true,
    "pixelsToUnit": 100,
    "pivot": {
      "x": 0.5,
      "y": 0.5
    },
    "meshType": 0
  }
}